,Variable,Table_Name,Long_Name,Unit,Make,Sensor,Process_Level,Study_Domain,Temporal_Resolution,Spatial_Resolution,Time_Min,Time_Max,Lat_Min,Lat_Max,Lon_Min,Lon_Max,Depth_Min,Depth_Max,Variable_25th,Variable_50th,Variable_75th,Variable_Count,Variable_Mean,Variable_Std,Variable_Min,Variable_Max,Comment,Dataset_Name,Dataset_Short_Name,Data_Source,Distributor,Dataset_Description,Acknowledgement,Dataset_ID,ID,Visualize,Keywords,Refrences
0,alkalinity,tblBATS_Bottle,Alkalinity,uequiv,Observation,Uncategorized,Reprocessed,Biogeochemistry,Irregular,Irregular,1988-10-20T22:30:00.000Z,2022-12-16T19:08:00.000Z,24.759,35.667,-66.169,-60.447,0.1,4987.3,2366.15,2391.7,2399.0,6631.0,2378.1548333585,31.0880457997,2302.4,2446.2,,Bermuda Atlantic Time-Series Study (BATS) Bottle,BATS_Bottle,Bermuda Institute of Ocean Sciences,Bermuda Institute of Ocean Sciences,"The BATS Bottle dataset is a collection of discrete bottle samples from 1988-2022, including in-situ measurements of CO2, nutrients, carbon, oxygen, temperature, and Prochlorococcus and Synechococcus abundance. Note all bottle fires are included that do not have any BATS core parameters so as to be of use for other ancillary measurements.

This description has been reproduced using https://www.dropbox.com/s/4sdk2tewx46cla8/bats_bottle.txt?dl=0",Bermuda Institute of Ocean Sciences,676,17041,1.0,"AE0811, AE0813, AE0816, AE0820, AE0823, AE0826, AE0829, AE0901, AE0902, AE0903, AE0904, AE0905, AE0907, AE0909, AE0911, AE0916, AE0919, AE0921, AE0924, AE0926, AE0928, AE1001, AE1003, AE1005, AE1006, AE1007, AE1009, AE1012, AE1016, AE1021, AE1024, AE1026, AE1031, AE1033, AE1036, AE1102, AE1105, AE1106, AE1108, AE1109, AE1111, AE1113, AE1116, AE1119, AE1121, AE1125, AE1128, AE1131, AE1201, AE1202, AE1205, AE1207, AE1209, AE1210, AE1212, AE1214, AE1218, AE1222, AE1223, AE1228, AE1231, AE1234, AE1301, AE1302, AE1303, AE1304, AE1305, AE1306, AE1307, AE1309, AE1310, AE1313, AE1315, AE1318, AE1320, AE1323, AE1326, AE1328, AE1402, AE1406, AE1408, AE1411, AE1413, AE1416, AE1418, AE1422, AE1424, AE1425, AE1502, AE1503, AE1505, AE1508, AE1510, AE1511, AE1512, AE1515, AE1517, AE1520, AE1523, AE1528, AE1529, AE1531, AE1602, AE1603, AE1604, AE1605, AE1608, AE1611, AE1615, AE1618, AE1621, AE1624, AE1627, AE1629, AE1701, AE1704, AE1705, AE1707, AE1708, AE1709, AE1713, AE1715, AE1718, AE1722, AE1726, AE1729, AE1802, AE1805, AE1806, AE1808, AE1810, AE1811, AE1814, AE1817, AE1820, AE1822, AE1825, AE1829, AE1831, AE1836, AE1902, AE1905, AE1906, AE1909, AE1912, AE1917, AE1921, AE1923, AE1927, AE1930, AE1932, AE2003, AE2005, AE2009, AE2010, AE2012, AE2014, AE2015, AE2017, AE2019, AE2021, AE2022, AE2101, AE2102, AE2103, AE2104, AE2105, AE2107, AE2109, AE2110, AE2112, AE2116, AE2117, AE2120, AE2124, AE2126, AE2201, AE2204, AE2205, AE2208, AE2210, AE2212, AE2214, AE2217, AE2219, AE2222, AE2224, AE2226, Alkalinity, BATS, bats_bottle, Bermuda Atlantic Time-series Study, Bermuda Atlantic Time-series Study (BATS) Bottle, Bermuda Institute of Ocean Sciences, bio, biogeo, biogeochemistry, biology, BIOS, Bottle, cruise, Discrete, EN592, EN629, EN631, High Precision Titration, in situ, insitu, in-situ, North Atlantic Ocean, observation, OC449-10, rep, reprocessed, station",
1,bacteria_enumeration,tblBATS_Bottle,Bacteria Enumeration,cells*10^8/kg,Observation,Uncategorized,Reprocessed,Biogeochemistry,Irregular,Irregular,1988-10-20T22:30:00.000Z,2022-12-16T19:08:00.000Z,24.759,35.667,-66.169,-60.447,0.1,4987.3,0.9,2.4,4.6,8774.0,2.8769774333,2.2159054645,0.0,15.0,,Bermuda Atlantic Time-Series Study (BATS) Bottle,BATS_Bottle,Bermuda Institute of Ocean Sciences,Bermuda Institute of Ocean Sciences,"The BATS Bottle dataset is a collection of discrete bottle samples from 1988-2022, including in-situ measurements of CO2, nutrients, carbon, oxygen, temperature, and Prochlorococcus and Synechococcus abundance. Note all bottle fires are included that do not have any BATS core parameters so as to be of use for other ancillary measurements.

This description has been reproduced using https://www.dropbox.com/s/4sdk2tewx46cla8/bats_bottle.txt?dl=0",Bermuda Institute of Ocean Sciences,676,17050,1.0,"AE0811, AE0813, AE0816, AE0820, AE0823, AE0826, AE0829, AE0901, AE0902, AE0903, AE0904, AE0905, AE0907, AE0909, AE0911, AE0916, AE0919, AE0921, AE0924, AE0926, AE0928, AE1001, AE1003, AE1005, AE1006, AE1007, AE1009, AE1012, AE1016, AE1021, AE1024, AE1026, AE1031, AE1033, AE1036, AE1102, AE1105, AE1106, AE1108, AE1109, AE1111, AE1113, AE1116, AE1119, AE1121, AE1125, AE1128, AE1131, AE1201, AE1202, AE1205, AE1207, AE1209, AE1210, AE1212, AE1214, AE1218, AE1222, AE1223, AE1228, AE1231, AE1234, AE1301, AE1302, AE1303, AE1304, AE1305, AE1306, AE1307, AE1309, AE1310, AE1313, AE1315, AE1318, AE1320, AE1323, AE1326, AE1328, AE1402, AE1406, AE1408, AE1411, AE1413, AE1416, AE1418, AE1422, AE1424, AE1425, AE1502, AE1503, AE1505, AE1508, AE1510, AE1511, AE1512, AE1515, AE1517, AE1520, AE1523, AE1528, AE1529, AE1531, AE1602, AE1603, AE1604, AE1605, AE1608, AE1611, AE1615, AE1618, AE1621, AE1624, AE1627, AE1629, AE1701, AE1704, AE1705, AE1707, AE1708, AE1709, AE1713, AE1715, AE1718, AE1722, AE1726, AE1729, AE1802, AE1805, AE1806, AE1808, AE1810, AE1811, AE1814, AE1817, AE1820, AE1822, AE1825, AE1829, AE1831, AE1836, AE1902, AE1905, AE1906, AE1909, AE1912, AE1917, AE1921, AE1923, AE1927, AE1930, AE1932, AE2003, AE2005, AE2009, AE2010, AE2012, AE2014, AE2015, AE2017, AE2019, AE2021, AE2022, AE2101, AE2102, AE2103, AE2104, AE2105, AE2107, AE2109, AE2110, AE2112, AE2116, AE2117, AE2120, AE2124, AE2126, AE2201, AE2204, AE2205, AE2208, AE2210, AE2212, AE2214, AE2217, AE2219, AE2222, AE2224, AE2226, Bacteria Enumeration, bacteria_enumeration, BATS, bats_bottle, Bermuda Atlantic Time-series Study, Bermuda Atlantic Time-series Study (BATS) Bottle, Bermuda Institute of Ocean Sciences, bio, biogeo, biogeochemistry, biology, BIOS, Bottle, cruise, Discrete, EN592, EN629, EN631, in situ, insitu, in-situ, microscope, North Atlantic Ocean, observation, OC449-10, rep, reprocessed, station",
2,CO2,tblBATS_Bottle,Total CO2,umol/kg,Observation,Coulometer,Reprocessed,Biogeochemistry,Irregular,Irregular,1988-10-20T22:30:00.000Z,2022-12-16T19:08:00.000Z,24.759,35.667,-66.169,-60.447,0.1,4987.3,2070.0,2091.0,2123.3,8012.0,2100.432900649,42.6286671611,2000.5,2200.0,,Bermuda Atlantic Time-Series Study (BATS) Bottle,BATS_Bottle,Bermuda Institute of Ocean Sciences,Bermuda Institute of Ocean Sciences,"The BATS Bottle dataset is a collection of discrete bottle samples from 1988-2022, including in-situ measurements of CO2, nutrients, carbon, oxygen, temperature, and Prochlorococcus and Synechococcus abundance. Note all bottle fires are included that do not have any BATS core parameters so as to be of use for other ancillary measurements.

This description has been reproduced using https://www.dropbox.com/s/4sdk2tewx46cla8/bats_bottle.txt?dl=0",Bermuda Institute of Ocean Sciences,676,17040,1.0,"AE0811, AE0813, AE0816, AE0820, AE0823, AE0826, AE0829, AE0901, AE0902, AE0903, AE0904, AE0905, AE0907, AE0909, AE0911, AE0916, AE0919, AE0921, AE0924, AE0926, AE0928, AE1001, AE1003, AE1005, AE1006, AE1007, AE1009, AE1012, AE1016, AE1021, AE1024, AE1026, AE1031, AE1033, AE1036, AE1102, AE1105, AE1106, AE1108, AE1109, AE1111, AE1113, AE1116, AE1119, AE1121, AE1125, AE1128, AE1131, AE1201, AE1202, AE1205, AE1207, AE1209, AE1210, AE1212, AE1214, AE1218, AE1222, AE1223, AE1228, AE1231, AE1234, AE1301, AE1302, AE1303, AE1304, AE1305, AE1306, AE1307, AE1309, AE1310, AE1313, AE1315, AE1318, AE1320, AE1323, AE1326, AE1328, AE1402, AE1406, AE1408, AE1411, AE1413, AE1416, AE1418, AE1422, AE1424, AE1425, AE1502, AE1503, AE1505, AE1508, AE1510, AE1511, AE1512, AE1515, AE1517, AE1520, AE1523, AE1528, AE1529, AE1531, AE1602, AE1603, AE1604, AE1605, AE1608, AE1611, AE1615, AE1618, AE1621, AE1624, AE1627, AE1629, AE1701, AE1704, AE1705, AE1707, AE1708, AE1709, AE1713, AE1715, AE1718, AE1722, AE1726, AE1729, AE1802, AE1805, AE1806, AE1808, AE1810, AE1811, AE1814, AE1817, AE1820, AE1822, AE1825, AE1829, AE1831, AE1836, AE1902, AE1905, AE1906, AE1909, AE1912, AE1917, AE1921, AE1923, AE1927, AE1930, AE1932, AE2003, AE2005, AE2009, AE2010, AE2012, AE2014, AE2015, AE2017, AE2019, AE2021, AE2022, AE2101, AE2102, AE2103, AE2104, AE2105, AE2107, AE2109, AE2110, AE2112, AE2116, AE2117, AE2120, AE2124, AE2126, AE2201, AE2204, AE2205, AE2208, AE2210, AE2212, AE2214, AE2217, AE2219, AE2222, AE2224, AE2226, BATS, bats_bottle, Bermuda Atlantic Time-series Study, Bermuda Atlantic Time-series Study (BATS) Bottle, Bermuda Institute of Ocean Sciences, bio, biogeo, biogeochemistry, biology, BIOS, Bottle, carbon dioxide, CO2, Coulometer, cruise, Discrete, EN592, EN629, EN631, in situ, insitu, in-situ, North Atlantic Ocean, observation, OC449-10, rep, reprocessed, station, Total CO2",
3,cruise_ID,tblBATS_Bottle,Cruise ID,,Observation,Uncategorized,Reprocessed,Biogeochemistry,Irregular,Irregular,1988-10-20T22:30:00.000Z,2022-12-16T19:08:00.000Z,24.759,35.667,-66.169,-60.447,0.1,4987.3,1018500814.75,1026702304.5,1035402209.25,67908.0,1107513658.0261383,282370174.8119296,1000100101.0,3021500409.0,"Unique 10 digit sample bottle id (!####$$$@@) where !  = Cruise type, 1=BATS core, 2=BATS bloom a, and 3=BATS bloom b; #### = Cruise number; $$$  = Cast Number, 1-80=CTD casts, 81-99=Hydrocasts (i.e. 83=Hydrocast number 3); @@   = Bottle number",Bermuda Atlantic Time-Series Study (BATS) Bottle,BATS_Bottle,Bermuda Institute of Ocean Sciences,Bermuda Institute of Ocean Sciences,"The BATS Bottle dataset is a collection of discrete bottle samples from 1988-2022, including in-situ measurements of CO2, nutrients, carbon, oxygen, temperature, and Prochlorococcus and Synechococcus abundance. Note all bottle fires are included that do not have any BATS core parameters so as to be of use for other ancillary measurements.

This description has been reproduced using https://www.dropbox.com/s/4sdk2tewx46cla8/bats_bottle.txt?dl=0",Bermuda Institute of Ocean Sciences,676,17060,,"AE0811, AE0813, AE0816, AE0820, AE0823, AE0826, AE0829, AE0901, AE0902, AE0903, AE0904, AE0905, AE0907, AE0909, AE0911, AE0916, AE0919, AE0921, AE0924, AE0926, AE0928, AE1001, AE1003, AE1005, AE1006, AE1007, AE1009, AE1012, AE1016, AE1021, AE1024, AE1026, AE1031, AE1033, AE1036, AE1102, AE1105, AE1106, AE1108, AE1109, AE1111, AE1113, AE1116, AE1119, AE1121, AE1125, AE1128, AE1131, AE1201, AE1202, AE1205, AE1207, AE1209, AE1210, AE1212, AE1214, AE1218, AE1222, AE1223, AE1228, AE1231, AE1234, AE1301, AE1302, AE1303, AE1304, AE1305, AE1306, AE1307, AE1309, AE1310, AE1313, AE1315, AE1318, AE1320, AE1323, AE1326, AE1328, AE1402, AE1406, AE1408, AE1411, AE1413, AE1416, AE1418, AE1422, AE1424, AE1425, AE1502, AE1503, AE1505, AE1508, AE1510, AE1511, AE1512, AE1515, AE1517, AE1520, AE1523, AE1528, AE1529, AE1531, AE1602, AE1603, AE1604, AE1605, AE1608, AE1611, AE1615, AE1618, AE1621, AE1624, AE1627, AE1629, AE1701, AE1704, AE1705, AE1707, AE1708, AE1709, AE1713, AE1715, AE1718, AE1722, AE1726, AE1729, AE1802, AE1805, AE1806, AE1808, AE1810, AE1811, AE1814, AE1817, AE1820, AE1822, AE1825, AE1829, AE1831, AE1836, AE1902, AE1905, AE1906, AE1909, AE1912, AE1917, AE1921, AE1923, AE1927, AE1930, AE1932, AE2003, AE2005, AE2009, AE2010, AE2012, AE2014, AE2015, AE2017, AE2019, AE2021, AE2022, AE2101, AE2102, AE2103, AE2104, AE2105, AE2107, AE2109, AE2110, AE2112, AE2116, AE2117, AE2120, AE2124, AE2126, AE2201, AE2204, AE2205, AE2208, AE2210, AE2212, AE2214, AE2217, AE2219, AE2222, AE2224, AE2226, BATS, bats_bottle, Bermuda Atlantic Time-series Study, Bermuda Atlantic Time-series Study (BATS) Bottle, Bermuda Institute of Ocean Sciences, bio, biogeo, biogeochemistry, biology, BIOS, Bottle, cruise, Cruise ID, cruise_ID, Discrete, EN592, EN629, EN631, in situ, insitu, in-situ, North Atlantic Ocean, observation, OC449-10, rep, reprocessed, station, uncategorized",
4,CTD_salinity,tblBATS_Bottle,CTD Salinity,PSS-78,Observation,CTD,Reprocessed,Biogeochemistry,Irregular,Irregular,1988-10-20T22:30:00.000Z,2022-12-16T19:08:00.000Z,24.759,35.667,-66.169,-60.447,0.1,4987.3,36.402,36.599,36.675,65343.0,36.3386702019,0.6003157242,34.866,37.381,,Bermuda Atlantic Time-Series Study (BATS) Bottle,BATS_Bottle,Bermuda Institute of Ocean Sciences,Bermuda Institute of Ocean Sciences,"The BATS Bottle dataset is a collection of discrete bottle samples from 1988-2022, including in-situ measurements of CO2, nutrients, carbon, oxygen, temperature, and Prochlorococcus and Synechococcus abundance. Note all bottle fires are included that do not have any BATS core parameters so as to be of use for other ancillary measurements.

This description has been reproduced using https://www.dropbox.com/s/4sdk2tewx46cla8/bats_bottle.txt?dl=0",Bermuda Institute of Ocean Sciences,676,17034,1.0,"AE0811, AE0813, AE0816, AE0820, AE0823, AE0826, AE0829, AE0901, AE0902, AE0903, AE0904, AE0905, AE0907, AE0909, AE0911, AE0916, AE0919, AE0921, AE0924, AE0926, AE0928, AE1001, AE1003, AE1005, AE1006, AE1007, AE1009, AE1012, AE1016, AE1021, AE1024, AE1026, AE1031, AE1033, AE1036, AE1102, AE1105, AE1106, AE1108, AE1109, AE1111, AE1113, AE1116, AE1119, AE1121, AE1125, AE1128, AE1131, AE1201, AE1202, AE1205, AE1207, AE1209, AE1210, AE1212, AE1214, AE1218, AE1222, AE1223, AE1228, AE1231, AE1234, AE1301, AE1302, AE1303, AE1304, AE1305, AE1306, AE1307, AE1309, AE1310, AE1313, AE1315, AE1318, AE1320, AE1323, AE1326, AE1328, AE1402, AE1406, AE1408, AE1411, AE1413, AE1416, AE1418, AE1422, AE1424, AE1425, AE1502, AE1503, AE1505, AE1508, AE1510, AE1511, AE1512, AE1515, AE1517, AE1520, AE1523, AE1528, AE1529, AE1531, AE1602, AE1603, AE1604, AE1605, AE1608, AE1611, AE1615, AE1618, AE1621, AE1624, AE1627, AE1629, AE1701, AE1704, AE1705, AE1707, AE1708, AE1709, AE1713, AE1715, AE1718, AE1722, AE1726, AE1729, AE1802, AE1805, AE1806, AE1808, AE1810, AE1811, AE1814, AE1817, AE1820, AE1822, AE1825, AE1829, AE1831, AE1836, AE1902, AE1905, AE1906, AE1909, AE1912, AE1917, AE1921, AE1923, AE1927, AE1930, AE1932, AE2003, AE2005, AE2009, AE2010, AE2012, AE2014, AE2015, AE2017, AE2019, AE2021, AE2022, AE2101, AE2102, AE2103, AE2104, AE2105, AE2107, AE2109, AE2110, AE2112, AE2116, AE2117, AE2120, AE2124, AE2126, AE2201, AE2204, AE2205, AE2208, AE2210, AE2212, AE2214, AE2217, AE2219, AE2222, AE2224, AE2226, BATS, bats_bottle, Bermuda Atlantic Time-series Study, Bermuda Atlantic Time-series Study (BATS) Bottle, Bermuda Institute of Ocean Sciences, bio, biogeo, biogeochemistry, biology, BIOS, Bottle, cruise, CTD, CTD Salinity, CTD_salinity, Discrete, EN592, EN629, EN631, in situ, insitu, in-situ, North Atlantic Ocean, observation, OC449-10, rep, reprocessed, station",
5,low_level_phosphorus,tblBATS_Bottle,Low-level Phosphorus,nmol/kg,Observation,Uncategorized,Reprocessed,Biogeochemistry,Irregular,Irregular,1988-10-20T22:30:00.000Z,2022-12-16T19:08:00.000Z,24.759,35.667,-66.169,-60.447,0.1,4987.3,2.0,8.0,49.0,2918.0,33.1507882111,48.0480192515,0.0,500.0,,Bermuda Atlantic Time-Series Study (BATS) Bottle,BATS_Bottle,Bermuda Institute of Ocean Sciences,Bermuda Institute of Ocean Sciences,"The BATS Bottle dataset is a collection of discrete bottle samples from 1988-2022, including in-situ measurements of CO2, nutrients, carbon, oxygen, temperature, and Prochlorococcus and Synechococcus abundance. Note all bottle fires are included that do not have any BATS core parameters so as to be of use for other ancillary measurements.

This description has been reproduced using https://www.dropbox.com/s/4sdk2tewx46cla8/bats_bottle.txt?dl=0",Bermuda Institute of Ocean Sciences,676,17053,1.0,"AE0811, AE0813, AE0816, AE0820, AE0823, AE0826, AE0829, AE0901, AE0902, AE0903, AE0904, AE0905, AE0907, AE0909, AE0911, AE0916, AE0919, AE0921, AE0924, AE0926, AE0928, AE1001, AE1003, AE1005, AE1006, AE1007, AE1009, AE1012, AE1016, AE1021, AE1024, AE1026, AE1031, AE1033, AE1036, AE1102, AE1105, AE1106, AE1108, AE1109, AE1111, AE1113, AE1116, AE1119, AE1121, AE1125, AE1128, AE1131, AE1201, AE1202, AE1205, AE1207, AE1209, AE1210, AE1212, AE1214, AE1218, AE1222, AE1223, AE1228, AE1231, AE1234, AE1301, AE1302, AE1303, AE1304, AE1305, AE1306, AE1307, AE1309, AE1310, AE1313, AE1315, AE1318, AE1320, AE1323, AE1326, AE1328, AE1402, AE1406, AE1408, AE1411, AE1413, AE1416, AE1418, AE1422, AE1424, AE1425, AE1502, AE1503, AE1505, AE1508, AE1510, AE1511, AE1512, AE1515, AE1517, AE1520, AE1523, AE1528, AE1529, AE1531, AE1602, AE1603, AE1604, AE1605, AE1608, AE1611, AE1615, AE1618, AE1621, AE1624, AE1627, AE1629, AE1701, AE1704, AE1705, AE1707, AE1708, AE1709, AE1713, AE1715, AE1718, AE1722, AE1726, AE1729, AE1802, AE1805, AE1806, AE1808, AE1810, AE1811, AE1814, AE1817, AE1820, AE1822, AE1825, AE1829, AE1831, AE1836, AE1902, AE1905, AE1906, AE1909, AE1912, AE1917, AE1921, AE1923, AE1927, AE1930, AE1932, AE2003, AE2005, AE2009, AE2010, AE2012, AE2014, AE2015, AE2017, AE2019, AE2021, AE2022, AE2101, AE2102, AE2103, AE2104, AE2105, AE2107, AE2109, AE2110, AE2112, AE2116, AE2117, AE2120, AE2124, AE2126, AE2201, AE2204, AE2205, AE2208, AE2210, AE2212, AE2214, AE2217, AE2219, AE2222, AE2224, AE2226, BATS, bats_bottle, Bermuda Atlantic Time-series Study, Bermuda Atlantic Time-series Study (BATS) Bottle, Bermuda Institute of Ocean Sciences, bio, biogeo, biogeochemistry, biology, BIOS, Bottle, cruise, Discrete, EN592, EN629, EN631, in situ, insitu, in-situ, LLP, low_level_phosphorus, Low-level Phosphorus, North Atlantic Ocean, observation, OC449-10, rep, reprocessed, station",
6,nanoeukaryotes,tblBATS_Bottle,Nanoeukaryotes,cells/ml,Observation,Flow Cytometer,Reprocessed,Biogeochemistry,Irregular,Irregular,1988-10-20T22:30:00.000Z,2022-12-16T19:08:00.000Z,24.759,35.667,-66.169,-60.447,0.1,4987.3,23.0,61.0,145.0,2581.0,133.024021697,207.3793125355,5.0,3829.0,,Bermuda Atlantic Time-Series Study (BATS) Bottle,BATS_Bottle,Bermuda Institute of Ocean Sciences,Bermuda Institute of Ocean Sciences,"The BATS Bottle dataset is a collection of discrete bottle samples from 1988-2022, including in-situ measurements of CO2, nutrients, carbon, oxygen, temperature, and Prochlorococcus and Synechococcus abundance. Note all bottle fires are included that do not have any BATS core parameters so as to be of use for other ancillary measurements.

This description has been reproduced using https://www.dropbox.com/s/4sdk2tewx46cla8/bats_bottle.txt?dl=0",Bermuda Institute of Ocean Sciences,676,17059,1.0,"AE0811, AE0813, AE0816, AE0820, AE0823, AE0826, AE0829, AE0901, AE0902, AE0903, AE0904, AE0905, AE0907, AE0909, AE0911, AE0916, AE0919, AE0921, AE0924, AE0926, AE0928, AE1001, AE1003, AE1005, AE1006, AE1007, AE1009, AE1012, AE1016, AE1021, AE1024, AE1026, AE1031, AE1033, AE1036, AE1102, AE1105, AE1106, AE1108, AE1109, AE1111, AE1113, AE1116, AE1119, AE1121, AE1125, AE1128, AE1131, AE1201, AE1202, AE1205, AE1207, AE1209, AE1210, AE1212, AE1214, AE1218, AE1222, AE1223, AE1228, AE1231, AE1234, AE1301, AE1302, AE1303, AE1304, AE1305, AE1306, AE1307, AE1309, AE1310, AE1313, AE1315, AE1318, AE1320, AE1323, AE1326, AE1328, AE1402, AE1406, AE1408, AE1411, AE1413, AE1416, AE1418, AE1422, AE1424, AE1425, AE1502, AE1503, AE1505, AE1508, AE1510, AE1511, AE1512, AE1515, AE1517, AE1520, AE1523, AE1528, AE1529, AE1531, AE1602, AE1603, AE1604, AE1605, AE1608, AE1611, AE1615, AE1618, AE1621, AE1624, AE1627, AE1629, AE1701, AE1704, AE1705, AE1707, AE1708, AE1709, AE1713, AE1715, AE1718, AE1722, AE1726, AE1729, AE1802, AE1805, AE1806, AE1808, AE1810, AE1811, AE1814, AE1817, AE1820, AE1822, AE1825, AE1829, AE1831, AE1836, AE1902, AE1905, AE1906, AE1909, AE1912, AE1917, AE1921, AE1923, AE1927, AE1930, AE1932, AE2003, AE2005, AE2009, AE2010, AE2012, AE2014, AE2015, AE2017, AE2019, AE2021, AE2022, AE2101, AE2102, AE2103, AE2104, AE2105, AE2107, AE2109, AE2110, AE2112, AE2116, AE2117, AE2120, AE2124, AE2126, AE2201, AE2204, AE2205, AE2208, AE2210, AE2212, AE2214, AE2217, AE2219, AE2222, AE2224, AE2226, BATS, bats_bottle, Bermuda Atlantic Time-series Study, Bermuda Atlantic Time-series Study (BATS) Bottle, Bermuda Institute of Ocean Sciences, bio, biogeo, biogeochemistry, biology, BIOS, Bottle, cruise, Discrete, EN592, EN629, EN631, Flow Cytometer, in situ, insitu, in-situ, Nanoeukaryotes, North Atlantic Ocean, observation, OC449-10, rep, reprocessed, station",
7,niskin_flag,tblBATS_Bottle,Niskin/Goflo quality flag,,Observation,Uncategorized,Reprocessed,Biogeochemistry,Irregular,Irregular,1988-10-20T22:30:00.000Z,2022-12-16T19:08:00.000Z,24.759,35.667,-66.169,-60.447,0.1,4987.3,2.0,2.0,2.0,67908.0,1.9711374212,0.3787901244,-3.0,2.0,"Quality flag values: -3=suspect, 1=unverified, 2= verified/acceptable",Bermuda Atlantic Time-Series Study (BATS) Bottle,BATS_Bottle,Bermuda Institute of Ocean Sciences,Bermuda Institute of Ocean Sciences,"The BATS Bottle dataset is a collection of discrete bottle samples from 1988-2022, including in-situ measurements of CO2, nutrients, carbon, oxygen, temperature, and Prochlorococcus and Synechococcus abundance. Note all bottle fires are included that do not have any BATS core parameters so as to be of use for other ancillary measurements.

This description has been reproduced using https://www.dropbox.com/s/4sdk2tewx46cla8/bats_bottle.txt?dl=0",Bermuda Institute of Ocean Sciences,676,17061,,"AE0811, AE0813, AE0816, AE0820, AE0823, AE0826, AE0829, AE0901, AE0902, AE0903, AE0904, AE0905, AE0907, AE0909, AE0911, AE0916, AE0919, AE0921, AE0924, AE0926, AE0928, AE1001, AE1003, AE1005, AE1006, AE1007, AE1009, AE1012, AE1016, AE1021, AE1024, AE1026, AE1031, AE1033, AE1036, AE1102, AE1105, AE1106, AE1108, AE1109, AE1111, AE1113, AE1116, AE1119, AE1121, AE1125, AE1128, AE1131, AE1201, AE1202, AE1205, AE1207, AE1209, AE1210, AE1212, AE1214, AE1218, AE1222, AE1223, AE1228, AE1231, AE1234, AE1301, AE1302, AE1303, AE1304, AE1305, AE1306, AE1307, AE1309, AE1310, AE1313, AE1315, AE1318, AE1320, AE1323, AE1326, AE1328, AE1402, AE1406, AE1408, AE1411, AE1413, AE1416, AE1418, AE1422, AE1424, AE1425, AE1502, AE1503, AE1505, AE1508, AE1510, AE1511, AE1512, AE1515, AE1517, AE1520, AE1523, AE1528, AE1529, AE1531, AE1602, AE1603, AE1604, AE1605, AE1608, AE1611, AE1615, AE1618, AE1621, AE1624, AE1627, AE1629, AE1701, AE1704, AE1705, AE1707, AE1708, AE1709, AE1713, AE1715, AE1718, AE1722, AE1726, AE1729, AE1802, AE1805, AE1806, AE1808, AE1810, AE1811, AE1814, AE1817, AE1820, AE1822, AE1825, AE1829, AE1831, AE1836, AE1902, AE1905, AE1906, AE1909, AE1912, AE1917, AE1921, AE1923, AE1927, AE1930, AE1932, AE2003, AE2005, AE2009, AE2010, AE2012, AE2014, AE2015, AE2017, AE2019, AE2021, AE2022, AE2101, AE2102, AE2103, AE2104, AE2105, AE2107, AE2109, AE2110, AE2112, AE2116, AE2117, AE2120, AE2124, AE2126, AE2201, AE2204, AE2205, AE2208, AE2210, AE2212, AE2214, AE2217, AE2219, AE2222, AE2224, AE2226, BATS, bats_bottle, Bermuda Atlantic Time-series Study, Bermuda Atlantic Time-series Study (BATS) Bottle, Bermuda Institute of Ocean Sciences, bio, biogeo, biogeochemistry, biology, BIOS, Bottle, cruise, Discrete, EN592, EN629, EN631, in situ, insitu, in-situ, Niskin/Goflo quality flag, niskin_flag, North Atlantic Ocean, observation, OC449-10, rep, reprocessed, station, uncategorized",
8,nitrate_nitrite,tblBATS_Bottle,Nitrate+Nitrite-1,umol/kg,Observation,Autoanalyzer,Reprocessed,Biogeochemistry,Irregular,Irregular,1988-10-20T22:30:00.000Z,2022-12-16T19:08:00.000Z,24.759,35.667,-66.169,-60.447,0.1,4987.3,0.39,6.81,18.37,16267.0,9.6319622549,8.7264101218,0.0,28.37,,Bermuda Atlantic Time-Series Study (BATS) Bottle,BATS_Bottle,Bermuda Institute of Ocean Sciences,Bermuda Institute of Ocean Sciences,"The BATS Bottle dataset is a collection of discrete bottle samples from 1988-2022, including in-situ measurements of CO2, nutrients, carbon, oxygen, temperature, and Prochlorococcus and Synechococcus abundance. Note all bottle fires are included that do not have any BATS core parameters so as to be of use for other ancillary measurements.

This description has been reproduced using https://www.dropbox.com/s/4sdk2tewx46cla8/bats_bottle.txt?dl=0",Bermuda Institute of Ocean Sciences,676,17042,1.0,"AE0811, AE0813, AE0816, AE0820, AE0823, AE0826, AE0829, AE0901, AE0902, AE0903, AE0904, AE0905, AE0907, AE0909, AE0911, AE0916, AE0919, AE0921, AE0924, AE0926, AE0928, AE1001, AE1003, AE1005, AE1006, AE1007, AE1009, AE1012, AE1016, AE1021, AE1024, AE1026, AE1031, AE1033, AE1036, AE1102, AE1105, AE1106, AE1108, AE1109, AE1111, AE1113, AE1116, AE1119, AE1121, AE1125, AE1128, AE1131, AE1201, AE1202, AE1205, AE1207, AE1209, AE1210, AE1212, AE1214, AE1218, AE1222, AE1223, AE1228, AE1231, AE1234, AE1301, AE1302, AE1303, AE1304, AE1305, AE1306, AE1307, AE1309, AE1310, AE1313, AE1315, AE1318, AE1320, AE1323, AE1326, AE1328, AE1402, AE1406, AE1408, AE1411, AE1413, AE1416, AE1418, AE1422, AE1424, AE1425, AE1502, AE1503, AE1505, AE1508, AE1510, AE1511, AE1512, AE1515, AE1517, AE1520, AE1523, AE1528, AE1529, AE1531, AE1602, AE1603, AE1604, AE1605, AE1608, AE1611, AE1615, AE1618, AE1621, AE1624, AE1627, AE1629, AE1701, AE1704, AE1705, AE1707, AE1708, AE1709, AE1713, AE1715, AE1718, AE1722, AE1726, AE1729, AE1802, AE1805, AE1806, AE1808, AE1810, AE1811, AE1814, AE1817, AE1820, AE1822, AE1825, AE1829, AE1831, AE1836, AE1902, AE1905, AE1906, AE1909, AE1912, AE1917, AE1921, AE1923, AE1927, AE1930, AE1932, AE2003, AE2005, AE2009, AE2010, AE2012, AE2014, AE2015, AE2017, AE2019, AE2021, AE2022, AE2101, AE2102, AE2103, AE2104, AE2105, AE2107, AE2109, AE2110, AE2112, AE2116, AE2117, AE2120, AE2124, AE2126, AE2201, AE2204, AE2205, AE2208, AE2210, AE2212, AE2214, AE2217, AE2219, AE2222, AE2224, AE2226, Autoanalyzer, BATS, bats_bottle, Bermuda Atlantic Time-series Study, Bermuda Atlantic Time-series Study (BATS) Bottle, Bermuda Institute of Ocean Sciences, bio, biogeo, biogeochemistry, biology, BIOS, Bottle, cruise, Discrete, EN592, EN629, EN631, in situ, insitu, in-situ, N+N, nitrate_nitrite, Nitrate+Nitrite-1, NO2+NO3, North Atlantic Ocean, observation, OC449-10, rep, reprocessed, station",
9,nitrite,tblBATS_Bottle,Nitrite-1,umol/kg,Observation,Autoanalyzer,Reprocessed,Biogeochemistry,Irregular,Irregular,1988-10-20T22:30:00.000Z,2022-12-16T19:08:00.000Z,24.759,35.667,-66.169,-60.447,0.1,4987.3,0.0,0.0,0.0,15107.0,0.0145376978,0.0432807942,0.0,0.478,,Bermuda Atlantic Time-Series Study (BATS) Bottle,BATS_Bottle,Bermuda Institute of Ocean Sciences,Bermuda Institute of Ocean Sciences,"The BATS Bottle dataset is a collection of discrete bottle samples from 1988-2022, including in-situ measurements of CO2, nutrients, carbon, oxygen, temperature, and Prochlorococcus and Synechococcus abundance. Note all bottle fires are included that do not have any BATS core parameters so as to be of use for other ancillary measurements.

This description has been reproduced using https://www.dropbox.com/s/4sdk2tewx46cla8/bats_bottle.txt?dl=0",Bermuda Institute of Ocean Sciences,676,17043,1.0,"AE0811, AE0813, AE0816, AE0820, AE0823, AE0826, AE0829, AE0901, AE0902, AE0903, AE0904, AE0905, AE0907, AE0909, AE0911, AE0916, AE0919, AE0921, AE0924, AE0926, AE0928, AE1001, AE1003, AE1005, AE1006, AE1007, AE1009, AE1012, AE1016, AE1021, AE1024, AE1026, AE1031, AE1033, AE1036, AE1102, AE1105, AE1106, AE1108, AE1109, AE1111, AE1113, AE1116, AE1119, AE1121, AE1125, AE1128, AE1131, AE1201, AE1202, AE1205, AE1207, AE1209, AE1210, AE1212, AE1214, AE1218, AE1222, AE1223, AE1228, AE1231, AE1234, AE1301, AE1302, AE1303, AE1304, AE1305, AE1306, AE1307, AE1309, AE1310, AE1313, AE1315, AE1318, AE1320, AE1323, AE1326, AE1328, AE1402, AE1406, AE1408, AE1411, AE1413, AE1416, AE1418, AE1422, AE1424, AE1425, AE1502, AE1503, AE1505, AE1508, AE1510, AE1511, AE1512, AE1515, AE1517, AE1520, AE1523, AE1528, AE1529, AE1531, AE1602, AE1603, AE1604, AE1605, AE1608, AE1611, AE1615, AE1618, AE1621, AE1624, AE1627, AE1629, AE1701, AE1704, AE1705, AE1707, AE1708, AE1709, AE1713, AE1715, AE1718, AE1722, AE1726, AE1729, AE1802, AE1805, AE1806, AE1808, AE1810, AE1811, AE1814, AE1817, AE1820, AE1822, AE1825, AE1829, AE1831, AE1836, AE1902, AE1905, AE1906, AE1909, AE1912, AE1917, AE1921, AE1923, AE1927, AE1930, AE1932, AE2003, AE2005, AE2009, AE2010, AE2012, AE2014, AE2015, AE2017, AE2019, AE2021, AE2022, AE2101, AE2102, AE2103, AE2104, AE2105, AE2107, AE2109, AE2110, AE2112, AE2116, AE2117, AE2120, AE2124, AE2126, AE2201, AE2204, AE2205, AE2208, AE2210, AE2212, AE2214, AE2217, AE2219, AE2222, AE2224, AE2226, Autoanalyzer, BATS, bats_bottle, Bermuda Atlantic Time-series Study, Bermuda Atlantic Time-series Study (BATS) Bottle, Bermuda Institute of Ocean Sciences, bio, biogeo, biogeochemistry, biology, BIOS, Bottle, cruise, Discrete, EN592, EN629, EN631, in situ, insitu, in-situ, nitrite, Nitrite-1, NO2, North Atlantic Ocean, observation, OC449-10, rep, reprocessed, station",
10,oxygen,tblBATS_Bottle,Oxygen-1,umol/kg,Observation,Winkler Titration,Reprocessed,Biogeochemistry,Irregular,Irregular,1988-10-20T22:30:00.000Z,2022-12-16T19:08:00.000Z,24.759,35.667,-66.169,-60.447,0.1,4987.3,202.0,218.8,256.0,17529.0,221.0569399281,32.1222190334,129.9,276.5,,Bermuda Atlantic Time-Series Study (BATS) Bottle,BATS_Bottle,Bermuda Institute of Ocean Sciences,Bermuda Institute of Ocean Sciences,"The BATS Bottle dataset is a collection of discrete bottle samples from 1988-2022, including in-situ measurements of CO2, nutrients, carbon, oxygen, temperature, and Prochlorococcus and Synechococcus abundance. Note all bottle fires are included that do not have any BATS core parameters so as to be of use for other ancillary measurements.

This description has been reproduced using https://www.dropbox.com/s/4sdk2tewx46cla8/bats_bottle.txt?dl=0",Bermuda Institute of Ocean Sciences,676,17037,1.0,"AE0811, AE0813, AE0816, AE0820, AE0823, AE0826, AE0829, AE0901, AE0902, AE0903, AE0904, AE0905, AE0907, AE0909, AE0911, AE0916, AE0919, AE0921, AE0924, AE0926, AE0928, AE1001, AE1003, AE1005, AE1006, AE1007, AE1009, AE1012, AE1016, AE1021, AE1024, AE1026, AE1031, AE1033, AE1036, AE1102, AE1105, AE1106, AE1108, AE1109, AE1111, AE1113, AE1116, AE1119, AE1121, AE1125, AE1128, AE1131, AE1201, AE1202, AE1205, AE1207, AE1209, AE1210, AE1212, AE1214, AE1218, AE1222, AE1223, AE1228, AE1231, AE1234, AE1301, AE1302, AE1303, AE1304, AE1305, AE1306, AE1307, AE1309, AE1310, AE1313, AE1315, AE1318, AE1320, AE1323, AE1326, AE1328, AE1402, AE1406, AE1408, AE1411, AE1413, AE1416, AE1418, AE1422, AE1424, AE1425, AE1502, AE1503, AE1505, AE1508, AE1510, AE1511, AE1512, AE1515, AE1517, AE1520, AE1523, AE1528, AE1529, AE1531, AE1602, AE1603, AE1604, AE1605, AE1608, AE1611, AE1615, AE1618, AE1621, AE1624, AE1627, AE1629, AE1701, AE1704, AE1705, AE1707, AE1708, AE1709, AE1713, AE1715, AE1718, AE1722, AE1726, AE1729, AE1802, AE1805, AE1806, AE1808, AE1810, AE1811, AE1814, AE1817, AE1820, AE1822, AE1825, AE1829, AE1831, AE1836, AE1902, AE1905, AE1906, AE1909, AE1912, AE1917, AE1921, AE1923, AE1927, AE1930, AE1932, AE2003, AE2005, AE2009, AE2010, AE2012, AE2014, AE2015, AE2017, AE2019, AE2021, AE2022, AE2101, AE2102, AE2103, AE2104, AE2105, AE2107, AE2109, AE2110, AE2112, AE2116, AE2117, AE2120, AE2124, AE2126, AE2201, AE2204, AE2205, AE2208, AE2210, AE2212, AE2214, AE2217, AE2219, AE2222, AE2224, AE2226, BATS, bats_bottle, Bermuda Atlantic Time-series Study, Bermuda Atlantic Time-series Study (BATS) Bottle, Bermuda Institute of Ocean Sciences, bio, biogeo, biogeochemistry, biology, BIOS, Bottle, cruise, Discrete, EN592, EN629, EN631, in situ, insitu, in-situ, North Atlantic Ocean, O2, observation, OC449-10, oxygen, Oxygen-1, rep, reprocessed, station, Winkler Titration",
11,oxygen_anomaly,tblBATS_Bottle,Oxy Anomaly-1,umol/kg,Observation,Uncategorized,Reprocessed,Biogeochemistry,Irregular,Irregular,1988-10-20T22:30:00.000Z,2022-12-16T19:08:00.000Z,24.759,35.667,-66.169,-60.447,0.1,4987.3,-64.2,-44.0,-3.1,17488.0,-40.3624027905,37.5152622378,-146.2,39.2,,Bermuda Atlantic Time-Series Study (BATS) Bottle,BATS_Bottle,Bermuda Institute of Ocean Sciences,Bermuda Institute of Ocean Sciences,"The BATS Bottle dataset is a collection of discrete bottle samples from 1988-2022, including in-situ measurements of CO2, nutrients, carbon, oxygen, temperature, and Prochlorococcus and Synechococcus abundance. Note all bottle fires are included that do not have any BATS core parameters so as to be of use for other ancillary measurements.

This description has been reproduced using https://www.dropbox.com/s/4sdk2tewx46cla8/bats_bottle.txt?dl=0",Bermuda Institute of Ocean Sciences,676,17039,1.0,"AE0811, AE0813, AE0816, AE0820, AE0823, AE0826, AE0829, AE0901, AE0902, AE0903, AE0904, AE0905, AE0907, AE0909, AE0911, AE0916, AE0919, AE0921, AE0924, AE0926, AE0928, AE1001, AE1003, AE1005, AE1006, AE1007, AE1009, AE1012, AE1016, AE1021, AE1024, AE1026, AE1031, AE1033, AE1036, AE1102, AE1105, AE1106, AE1108, AE1109, AE1111, AE1113, AE1116, AE1119, AE1121, AE1125, AE1128, AE1131, AE1201, AE1202, AE1205, AE1207, AE1209, AE1210, AE1212, AE1214, AE1218, AE1222, AE1223, AE1228, AE1231, AE1234, AE1301, AE1302, AE1303, AE1304, AE1305, AE1306, AE1307, AE1309, AE1310, AE1313, AE1315, AE1318, AE1320, AE1323, AE1326, AE1328, AE1402, AE1406, AE1408, AE1411, AE1413, AE1416, AE1418, AE1422, AE1424, AE1425, AE1502, AE1503, AE1505, AE1508, AE1510, AE1511, AE1512, AE1515, AE1517, AE1520, AE1523, AE1528, AE1529, AE1531, AE1602, AE1603, AE1604, AE1605, AE1608, AE1611, AE1615, AE1618, AE1621, AE1624, AE1627, AE1629, AE1701, AE1704, AE1705, AE1707, AE1708, AE1709, AE1713, AE1715, AE1718, AE1722, AE1726, AE1729, AE1802, AE1805, AE1806, AE1808, AE1810, AE1811, AE1814, AE1817, AE1820, AE1822, AE1825, AE1829, AE1831, AE1836, AE1902, AE1905, AE1906, AE1909, AE1912, AE1917, AE1921, AE1923, AE1927, AE1930, AE1932, AE2003, AE2005, AE2009, AE2010, AE2012, AE2014, AE2015, AE2017, AE2019, AE2021, AE2022, AE2101, AE2102, AE2103, AE2104, AE2105, AE2107, AE2109, AE2110, AE2112, AE2116, AE2117, AE2120, AE2124, AE2126, AE2201, AE2204, AE2205, AE2208, AE2210, AE2212, AE2214, AE2217, AE2219, AE2222, AE2224, AE2226, BATS, bats_bottle, Bermuda Atlantic Time-series Study, Bermuda Atlantic Time-series Study (BATS) Bottle, Bermuda Institute of Ocean Sciences, bio, biogeo, biogeochemistry, biology, BIOS, Bottle, cruise, Discrete, EN592, EN629, EN631, in situ, insitu, in-situ, North Atlantic Ocean, O2, observation, OC449-10, Oxy Anomaly-1, oxygen_anomaly, rep, reprocessed, station",
12,oxygen_fix_temp,tblBATS_Bottle,Oxygen Fix Temp,C,Observation,Uncategorized,Reprocessed,Biogeochemistry,Irregular,Irregular,1988-10-20T22:30:00.000Z,2022-12-16T19:08:00.000Z,24.759,35.667,-66.169,-60.447,0.1,4987.3,16.7,19.2,21.6,64777.0,18.6600923167,5.2535641387,4.2,30.6,,Bermuda Atlantic Time-Series Study (BATS) Bottle,BATS_Bottle,Bermuda Institute of Ocean Sciences,Bermuda Institute of Ocean Sciences,"The BATS Bottle dataset is a collection of discrete bottle samples from 1988-2022, including in-situ measurements of CO2, nutrients, carbon, oxygen, temperature, and Prochlorococcus and Synechococcus abundance. Note all bottle fires are included that do not have any BATS core parameters so as to be of use for other ancillary measurements.

This description has been reproduced using https://www.dropbox.com/s/4sdk2tewx46cla8/bats_bottle.txt?dl=0",Bermuda Institute of Ocean Sciences,676,17038,1.0,"AE0811, AE0813, AE0816, AE0820, AE0823, AE0826, AE0829, AE0901, AE0902, AE0903, AE0904, AE0905, AE0907, AE0909, AE0911, AE0916, AE0919, AE0921, AE0924, AE0926, AE0928, AE1001, AE1003, AE1005, AE1006, AE1007, AE1009, AE1012, AE1016, AE1021, AE1024, AE1026, AE1031, AE1033, AE1036, AE1102, AE1105, AE1106, AE1108, AE1109, AE1111, AE1113, AE1116, AE1119, AE1121, AE1125, AE1128, AE1131, AE1201, AE1202, AE1205, AE1207, AE1209, AE1210, AE1212, AE1214, AE1218, AE1222, AE1223, AE1228, AE1231, AE1234, AE1301, AE1302, AE1303, AE1304, AE1305, AE1306, AE1307, AE1309, AE1310, AE1313, AE1315, AE1318, AE1320, AE1323, AE1326, AE1328, AE1402, AE1406, AE1408, AE1411, AE1413, AE1416, AE1418, AE1422, AE1424, AE1425, AE1502, AE1503, AE1505, AE1508, AE1510, AE1511, AE1512, AE1515, AE1517, AE1520, AE1523, AE1528, AE1529, AE1531, AE1602, AE1603, AE1604, AE1605, AE1608, AE1611, AE1615, AE1618, AE1621, AE1624, AE1627, AE1629, AE1701, AE1704, AE1705, AE1707, AE1708, AE1709, AE1713, AE1715, AE1718, AE1722, AE1726, AE1729, AE1802, AE1805, AE1806, AE1808, AE1810, AE1811, AE1814, AE1817, AE1820, AE1822, AE1825, AE1829, AE1831, AE1836, AE1902, AE1905, AE1906, AE1909, AE1912, AE1917, AE1921, AE1923, AE1927, AE1930, AE1932, AE2003, AE2005, AE2009, AE2010, AE2012, AE2014, AE2015, AE2017, AE2019, AE2021, AE2022, AE2101, AE2102, AE2103, AE2104, AE2105, AE2107, AE2109, AE2110, AE2112, AE2116, AE2117, AE2120, AE2124, AE2126, AE2201, AE2204, AE2205, AE2208, AE2210, AE2212, AE2214, AE2217, AE2219, AE2222, AE2224, AE2226, BATS, bats_bottle, Bermuda Atlantic Time-series Study, Bermuda Atlantic Time-series Study (BATS) Bottle, Bermuda Institute of Ocean Sciences, bio, biogeo, biogeochemistry, biology, BIOS, Bottle, cruise, Discrete, EN592, EN629, EN631, in situ, insitu, in-situ, North Atlantic Ocean, O2, observation, OC449-10, Oxygen Fix Temp, oxygen_fix_temp, rep, reprocessed, station",
13,particulate_biogenic_silica,tblBATS_Bottle,Particulate Biogenic Silica,umol/kg,Observation,Uncategorized,Reprocessed,Biogeochemistry,Irregular,Irregular,1988-10-20T22:30:00.000Z,2022-12-16T19:08:00.000Z,24.759,35.667,-66.169,-60.447,0.1,4987.3,6.75,10.57,17.735,4203.0,17.7778301213,31.6981441147,0.0,630.25,,Bermuda Atlantic Time-Series Study (BATS) Bottle,BATS_Bottle,Bermuda Institute of Ocean Sciences,Bermuda Institute of Ocean Sciences,"The BATS Bottle dataset is a collection of discrete bottle samples from 1988-2022, including in-situ measurements of CO2, nutrients, carbon, oxygen, temperature, and Prochlorococcus and Synechococcus abundance. Note all bottle fires are included that do not have any BATS core parameters so as to be of use for other ancillary measurements.

This description has been reproduced using https://www.dropbox.com/s/4sdk2tewx46cla8/bats_bottle.txt?dl=0",Bermuda Institute of Ocean Sciences,676,17054,1.0,"AE0811, AE0813, AE0816, AE0820, AE0823, AE0826, AE0829, AE0901, AE0902, AE0903, AE0904, AE0905, AE0907, AE0909, AE0911, AE0916, AE0919, AE0921, AE0924, AE0926, AE0928, AE1001, AE1003, AE1005, AE1006, AE1007, AE1009, AE1012, AE1016, AE1021, AE1024, AE1026, AE1031, AE1033, AE1036, AE1102, AE1105, AE1106, AE1108, AE1109, AE1111, AE1113, AE1116, AE1119, AE1121, AE1125, AE1128, AE1131, AE1201, AE1202, AE1205, AE1207, AE1209, AE1210, AE1212, AE1214, AE1218, AE1222, AE1223, AE1228, AE1231, AE1234, AE1301, AE1302, AE1303, AE1304, AE1305, AE1306, AE1307, AE1309, AE1310, AE1313, AE1315, AE1318, AE1320, AE1323, AE1326, AE1328, AE1402, AE1406, AE1408, AE1411, AE1413, AE1416, AE1418, AE1422, AE1424, AE1425, AE1502, AE1503, AE1505, AE1508, AE1510, AE1511, AE1512, AE1515, AE1517, AE1520, AE1523, AE1528, AE1529, AE1531, AE1602, AE1603, AE1604, AE1605, AE1608, AE1611, AE1615, AE1618, AE1621, AE1624, AE1627, AE1629, AE1701, AE1704, AE1705, AE1707, AE1708, AE1709, AE1713, AE1715, AE1718, AE1722, AE1726, AE1729, AE1802, AE1805, AE1806, AE1808, AE1810, AE1811, AE1814, AE1817, AE1820, AE1822, AE1825, AE1829, AE1831, AE1836, AE1902, AE1905, AE1906, AE1909, AE1912, AE1917, AE1921, AE1923, AE1927, AE1930, AE1932, AE2003, AE2005, AE2009, AE2010, AE2012, AE2014, AE2015, AE2017, AE2019, AE2021, AE2022, AE2101, AE2102, AE2103, AE2104, AE2105, AE2107, AE2109, AE2110, AE2112, AE2116, AE2117, AE2120, AE2124, AE2126, AE2201, AE2204, AE2205, AE2208, AE2210, AE2212, AE2214, AE2217, AE2219, AE2222, AE2224, AE2226, BATS, bats_bottle, Bermuda Atlantic Time-series Study, Bermuda Atlantic Time-series Study (BATS) Bottle, Bermuda Institute of Ocean Sciences, bio, biogeo, biogeochemistry, biology, BIOS, Bottle, Colorometer, cruise, Discrete, EN592, EN629, EN631, in situ, insitu, in-situ, North Atlantic Ocean, observation, OC449-10, Particulate Biogenic Silica, particulate_biogenic_silica, rep, reprocessed, Si, station",
14,particulate_lithogenic_silica,tblBATS_Bottle,Particulate Lithogenic Silica,umol/kg,Observation,Uncategorized,Reprocessed,Biogeochemistry,Irregular,Irregular,1988-10-20T22:30:00.000Z,2022-12-16T19:08:00.000Z,24.759,35.667,-66.169,-60.447,0.1,4987.3,2.055,4.02,6.63,1471.0,5.1517335146,5.2943443627,0.0,56.19,,Bermuda Atlantic Time-Series Study (BATS) Bottle,BATS_Bottle,Bermuda Institute of Ocean Sciences,Bermuda Institute of Ocean Sciences,"The BATS Bottle dataset is a collection of discrete bottle samples from 1988-2022, including in-situ measurements of CO2, nutrients, carbon, oxygen, temperature, and Prochlorococcus and Synechococcus abundance. Note all bottle fires are included that do not have any BATS core parameters so as to be of use for other ancillary measurements.

This description has been reproduced using https://www.dropbox.com/s/4sdk2tewx46cla8/bats_bottle.txt?dl=0",Bermuda Institute of Ocean Sciences,676,17055,1.0,"AE0811, AE0813, AE0816, AE0820, AE0823, AE0826, AE0829, AE0901, AE0902, AE0903, AE0904, AE0905, AE0907, AE0909, AE0911, AE0916, AE0919, AE0921, AE0924, AE0926, AE0928, AE1001, AE1003, AE1005, AE1006, AE1007, AE1009, AE1012, AE1016, AE1021, AE1024, AE1026, AE1031, AE1033, AE1036, AE1102, AE1105, AE1106, AE1108, AE1109, AE1111, AE1113, AE1116, AE1119, AE1121, AE1125, AE1128, AE1131, AE1201, AE1202, AE1205, AE1207, AE1209, AE1210, AE1212, AE1214, AE1218, AE1222, AE1223, AE1228, AE1231, AE1234, AE1301, AE1302, AE1303, AE1304, AE1305, AE1306, AE1307, AE1309, AE1310, AE1313, AE1315, AE1318, AE1320, AE1323, AE1326, AE1328, AE1402, AE1406, AE1408, AE1411, AE1413, AE1416, AE1418, AE1422, AE1424, AE1425, AE1502, AE1503, AE1505, AE1508, AE1510, AE1511, AE1512, AE1515, AE1517, AE1520, AE1523, AE1528, AE1529, AE1531, AE1602, AE1603, AE1604, AE1605, AE1608, AE1611, AE1615, AE1618, AE1621, AE1624, AE1627, AE1629, AE1701, AE1704, AE1705, AE1707, AE1708, AE1709, AE1713, AE1715, AE1718, AE1722, AE1726, AE1729, AE1802, AE1805, AE1806, AE1808, AE1810, AE1811, AE1814, AE1817, AE1820, AE1822, AE1825, AE1829, AE1831, AE1836, AE1902, AE1905, AE1906, AE1909, AE1912, AE1917, AE1921, AE1923, AE1927, AE1930, AE1932, AE2003, AE2005, AE2009, AE2010, AE2012, AE2014, AE2015, AE2017, AE2019, AE2021, AE2022, AE2101, AE2102, AE2103, AE2104, AE2105, AE2107, AE2109, AE2110, AE2112, AE2116, AE2117, AE2120, AE2124, AE2126, AE2201, AE2204, AE2205, AE2208, AE2210, AE2212, AE2214, AE2217, AE2219, AE2222, AE2224, AE2226, BATS, bats_bottle, Bermuda Atlantic Time-series Study, Bermuda Atlantic Time-series Study (BATS) Bottle, Bermuda Institute of Ocean Sciences, bio, biogeo, biogeochemistry, biology, BIOS, Bottle, cruise, Discrete, EN592, EN629, EN631, in situ, insitu, in-situ, North Atlantic Ocean, observation, OC449-10, Particulate Lithogenic Silica, particulate_lithogenic_silica, rep, reprocessed, Si, station",
15,phosphate,tblBATS_Bottle,Phosphate-1,umol/kg,Observation,Autoanalyzer,Reprocessed,Biogeochemistry,Irregular,Irregular,1988-10-20T22:30:00.000Z,2022-12-16T19:08:00.000Z,24.759,35.667,-66.169,-60.447,0.1,4987.3,0.0,0.29,1.23,16001.0,0.6027173302,0.5905788712,0.0,1.93,,Bermuda Atlantic Time-Series Study (BATS) Bottle,BATS_Bottle,Bermuda Institute of Ocean Sciences,Bermuda Institute of Ocean Sciences,"The BATS Bottle dataset is a collection of discrete bottle samples from 1988-2022, including in-situ measurements of CO2, nutrients, carbon, oxygen, temperature, and Prochlorococcus and Synechococcus abundance. Note all bottle fires are included that do not have any BATS core parameters so as to be of use for other ancillary measurements.

This description has been reproduced using https://www.dropbox.com/s/4sdk2tewx46cla8/bats_bottle.txt?dl=0",Bermuda Institute of Ocean Sciences,676,17044,1.0,"AE0811, AE0813, AE0816, AE0820, AE0823, AE0826, AE0829, AE0901, AE0902, AE0903, AE0904, AE0905, AE0907, AE0909, AE0911, AE0916, AE0919, AE0921, AE0924, AE0926, AE0928, AE1001, AE1003, AE1005, AE1006, AE1007, AE1009, AE1012, AE1016, AE1021, AE1024, AE1026, AE1031, AE1033, AE1036, AE1102, AE1105, AE1106, AE1108, AE1109, AE1111, AE1113, AE1116, AE1119, AE1121, AE1125, AE1128, AE1131, AE1201, AE1202, AE1205, AE1207, AE1209, AE1210, AE1212, AE1214, AE1218, AE1222, AE1223, AE1228, AE1231, AE1234, AE1301, AE1302, AE1303, AE1304, AE1305, AE1306, AE1307, AE1309, AE1310, AE1313, AE1315, AE1318, AE1320, AE1323, AE1326, AE1328, AE1402, AE1406, AE1408, AE1411, AE1413, AE1416, AE1418, AE1422, AE1424, AE1425, AE1502, AE1503, AE1505, AE1508, AE1510, AE1511, AE1512, AE1515, AE1517, AE1520, AE1523, AE1528, AE1529, AE1531, AE1602, AE1603, AE1604, AE1605, AE1608, AE1611, AE1615, AE1618, AE1621, AE1624, AE1627, AE1629, AE1701, AE1704, AE1705, AE1707, AE1708, AE1709, AE1713, AE1715, AE1718, AE1722, AE1726, AE1729, AE1802, AE1805, AE1806, AE1808, AE1810, AE1811, AE1814, AE1817, AE1820, AE1822, AE1825, AE1829, AE1831, AE1836, AE1902, AE1905, AE1906, AE1909, AE1912, AE1917, AE1921, AE1923, AE1927, AE1930, AE1932, AE2003, AE2005, AE2009, AE2010, AE2012, AE2014, AE2015, AE2017, AE2019, AE2021, AE2022, AE2101, AE2102, AE2103, AE2104, AE2105, AE2107, AE2109, AE2110, AE2112, AE2116, AE2117, AE2120, AE2124, AE2126, AE2201, AE2204, AE2205, AE2208, AE2210, AE2212, AE2214, AE2217, AE2219, AE2222, AE2224, AE2226, Autoanalyzer, BATS, bats_bottle, Bermuda Atlantic Time-series Study, Bermuda Atlantic Time-series Study (BATS) Bottle, Bermuda Institute of Ocean Sciences, bio, biogeo, biogeochemistry, biology, BIOS, Bottle, cruise, Discrete, EN592, EN629, EN631, in situ, insitu, in-situ, North Atlantic Ocean, observation, OC449-10, phosphate, Phosphate-1, PO4, rep, reprocessed, station",
16,picoeukaryotes,tblBATS_Bottle,Picoeukaryotes,cells/ml,Observation,Flow Cytometer,Reprocessed,Biogeochemistry,Irregular,Irregular,1988-10-20T22:30:00.000Z,2022-12-16T19:08:00.000Z,24.759,35.667,-66.169,-60.447,0.1,4987.3,308.0,684.5,1219.0,3104.0,1122.9826030928,1572.6459430992,5.0,22513.0,,Bermuda Atlantic Time-Series Study (BATS) Bottle,BATS_Bottle,Bermuda Institute of Ocean Sciences,Bermuda Institute of Ocean Sciences,"The BATS Bottle dataset is a collection of discrete bottle samples from 1988-2022, including in-situ measurements of CO2, nutrients, carbon, oxygen, temperature, and Prochlorococcus and Synechococcus abundance. Note all bottle fires are included that do not have any BATS core parameters so as to be of use for other ancillary measurements.

This description has been reproduced using https://www.dropbox.com/s/4sdk2tewx46cla8/bats_bottle.txt?dl=0",Bermuda Institute of Ocean Sciences,676,17058,1.0,"AE0811, AE0813, AE0816, AE0820, AE0823, AE0826, AE0829, AE0901, AE0902, AE0903, AE0904, AE0905, AE0907, AE0909, AE0911, AE0916, AE0919, AE0921, AE0924, AE0926, AE0928, AE1001, AE1003, AE1005, AE1006, AE1007, AE1009, AE1012, AE1016, AE1021, AE1024, AE1026, AE1031, AE1033, AE1036, AE1102, AE1105, AE1106, AE1108, AE1109, AE1111, AE1113, AE1116, AE1119, AE1121, AE1125, AE1128, AE1131, AE1201, AE1202, AE1205, AE1207, AE1209, AE1210, AE1212, AE1214, AE1218, AE1222, AE1223, AE1228, AE1231, AE1234, AE1301, AE1302, AE1303, AE1304, AE1305, AE1306, AE1307, AE1309, AE1310, AE1313, AE1315, AE1318, AE1320, AE1323, AE1326, AE1328, AE1402, AE1406, AE1408, AE1411, AE1413, AE1416, AE1418, AE1422, AE1424, AE1425, AE1502, AE1503, AE1505, AE1508, AE1510, AE1511, AE1512, AE1515, AE1517, AE1520, AE1523, AE1528, AE1529, AE1531, AE1602, AE1603, AE1604, AE1605, AE1608, AE1611, AE1615, AE1618, AE1621, AE1624, AE1627, AE1629, AE1701, AE1704, AE1705, AE1707, AE1708, AE1709, AE1713, AE1715, AE1718, AE1722, AE1726, AE1729, AE1802, AE1805, AE1806, AE1808, AE1810, AE1811, AE1814, AE1817, AE1820, AE1822, AE1825, AE1829, AE1831, AE1836, AE1902, AE1905, AE1906, AE1909, AE1912, AE1917, AE1921, AE1923, AE1927, AE1930, AE1932, AE2003, AE2005, AE2009, AE2010, AE2012, AE2014, AE2015, AE2017, AE2019, AE2021, AE2022, AE2101, AE2102, AE2103, AE2104, AE2105, AE2107, AE2109, AE2110, AE2112, AE2116, AE2117, AE2120, AE2124, AE2126, AE2201, AE2204, AE2205, AE2208, AE2210, AE2212, AE2214, AE2217, AE2219, AE2222, AE2224, AE2226, BATS, bats_bottle, Bermuda Atlantic Time-series Study, Bermuda Atlantic Time-series Study (BATS) Bottle, Bermuda Institute of Ocean Sciences, bio, biogeo, biogeochemistry, biology, BIOS, Bottle, cruise, Discrete, EN592, EN629, EN631, Flow Cytometer, in situ, insitu, in-situ, North Atlantic Ocean, observation, OC449-10, Picoeukaryotes, rep, reprocessed, station",
17,POC,tblBATS_Bottle,Particulate Organic Carbon,ug/kg,Observation,Elemental Analyzer,Reprocessed,Biogeochemistry,Irregular,Irregular,1988-10-20T22:30:00.000Z,2022-12-16T19:08:00.000Z,24.759,35.667,-66.169,-60.447,0.1,4987.3,6.89,14.13,24.05,8758.0,16.8126615666,12.1646364629,0.0,135.72,,Bermuda Atlantic Time-Series Study (BATS) Bottle,BATS_Bottle,Bermuda Institute of Ocean Sciences,Bermuda Institute of Ocean Sciences,"The BATS Bottle dataset is a collection of discrete bottle samples from 1988-2022, including in-situ measurements of CO2, nutrients, carbon, oxygen, temperature, and Prochlorococcus and Synechococcus abundance. Note all bottle fires are included that do not have any BATS core parameters so as to be of use for other ancillary measurements.

This description has been reproduced using https://www.dropbox.com/s/4sdk2tewx46cla8/bats_bottle.txt?dl=0",Bermuda Institute of Ocean Sciences,676,17046,1.0,"AE0811, AE0813, AE0816, AE0820, AE0823, AE0826, AE0829, AE0901, AE0902, AE0903, AE0904, AE0905, AE0907, AE0909, AE0911, AE0916, AE0919, AE0921, AE0924, AE0926, AE0928, AE1001, AE1003, AE1005, AE1006, AE1007, AE1009, AE1012, AE1016, AE1021, AE1024, AE1026, AE1031, AE1033, AE1036, AE1102, AE1105, AE1106, AE1108, AE1109, AE1111, AE1113, AE1116, AE1119, AE1121, AE1125, AE1128, AE1131, AE1201, AE1202, AE1205, AE1207, AE1209, AE1210, AE1212, AE1214, AE1218, AE1222, AE1223, AE1228, AE1231, AE1234, AE1301, AE1302, AE1303, AE1304, AE1305, AE1306, AE1307, AE1309, AE1310, AE1313, AE1315, AE1318, AE1320, AE1323, AE1326, AE1328, AE1402, AE1406, AE1408, AE1411, AE1413, AE1416, AE1418, AE1422, AE1424, AE1425, AE1502, AE1503, AE1505, AE1508, AE1510, AE1511, AE1512, AE1515, AE1517, AE1520, AE1523, AE1528, AE1529, AE1531, AE1602, AE1603, AE1604, AE1605, AE1608, AE1611, AE1615, AE1618, AE1621, AE1624, AE1627, AE1629, AE1701, AE1704, AE1705, AE1707, AE1708, AE1709, AE1713, AE1715, AE1718, AE1722, AE1726, AE1729, AE1802, AE1805, AE1806, AE1808, AE1810, AE1811, AE1814, AE1817, AE1820, AE1822, AE1825, AE1829, AE1831, AE1836, AE1902, AE1905, AE1906, AE1909, AE1912, AE1917, AE1921, AE1923, AE1927, AE1930, AE1932, AE2003, AE2005, AE2009, AE2010, AE2012, AE2014, AE2015, AE2017, AE2019, AE2021, AE2022, AE2101, AE2102, AE2103, AE2104, AE2105, AE2107, AE2109, AE2110, AE2112, AE2116, AE2117, AE2120, AE2124, AE2126, AE2201, AE2204, AE2205, AE2208, AE2210, AE2212, AE2214, AE2217, AE2219, AE2222, AE2224, AE2226, BATS, bats_bottle, Bermuda Atlantic Time-series Study, Bermuda Atlantic Time-series Study (BATS) Bottle, Bermuda Institute of Ocean Sciences, bio, biogeo, biogeochemistry, biology, BIOS, Bottle, cruise, Discrete, Elemental Analyzer, EN592, EN629, EN631, in situ, insitu, in-situ, North Atlantic Ocean, observation, OC449-10, Particulate Organic Carbon, POC, rep, reprocessed, station",
18,PON,tblBATS_Bottle,Particulate Organic Nitrogen,ug/kg,Observation,Elemental Analyzer,Reprocessed,Biogeochemistry,Irregular,Irregular,1988-10-20T22:30:00.000Z,2022-12-16T19:08:00.000Z,24.759,35.667,-66.169,-60.447,0.1,4987.3,1.18,2.54,4.2925,8796.0,2.9638608458,2.2250881538,0.0,35.77,,Bermuda Atlantic Time-Series Study (BATS) Bottle,BATS_Bottle,Bermuda Institute of Ocean Sciences,Bermuda Institute of Ocean Sciences,"The BATS Bottle dataset is a collection of discrete bottle samples from 1988-2022, including in-situ measurements of CO2, nutrients, carbon, oxygen, temperature, and Prochlorococcus and Synechococcus abundance. Note all bottle fires are included that do not have any BATS core parameters so as to be of use for other ancillary measurements.

This description has been reproduced using https://www.dropbox.com/s/4sdk2tewx46cla8/bats_bottle.txt?dl=0",Bermuda Institute of Ocean Sciences,676,17047,1.0,"AE0811, AE0813, AE0816, AE0820, AE0823, AE0826, AE0829, AE0901, AE0902, AE0903, AE0904, AE0905, AE0907, AE0909, AE0911, AE0916, AE0919, AE0921, AE0924, AE0926, AE0928, AE1001, AE1003, AE1005, AE1006, AE1007, AE1009, AE1012, AE1016, AE1021, AE1024, AE1026, AE1031, AE1033, AE1036, AE1102, AE1105, AE1106, AE1108, AE1109, AE1111, AE1113, AE1116, AE1119, AE1121, AE1125, AE1128, AE1131, AE1201, AE1202, AE1205, AE1207, AE1209, AE1210, AE1212, AE1214, AE1218, AE1222, AE1223, AE1228, AE1231, AE1234, AE1301, AE1302, AE1303, AE1304, AE1305, AE1306, AE1307, AE1309, AE1310, AE1313, AE1315, AE1318, AE1320, AE1323, AE1326, AE1328, AE1402, AE1406, AE1408, AE1411, AE1413, AE1416, AE1418, AE1422, AE1424, AE1425, AE1502, AE1503, AE1505, AE1508, AE1510, AE1511, AE1512, AE1515, AE1517, AE1520, AE1523, AE1528, AE1529, AE1531, AE1602, AE1603, AE1604, AE1605, AE1608, AE1611, AE1615, AE1618, AE1621, AE1624, AE1627, AE1629, AE1701, AE1704, AE1705, AE1707, AE1708, AE1709, AE1713, AE1715, AE1718, AE1722, AE1726, AE1729, AE1802, AE1805, AE1806, AE1808, AE1810, AE1811, AE1814, AE1817, AE1820, AE1822, AE1825, AE1829, AE1831, AE1836, AE1902, AE1905, AE1906, AE1909, AE1912, AE1917, AE1921, AE1923, AE1927, AE1930, AE1932, AE2003, AE2005, AE2009, AE2010, AE2012, AE2014, AE2015, AE2017, AE2019, AE2021, AE2022, AE2101, AE2102, AE2103, AE2104, AE2105, AE2107, AE2109, AE2110, AE2112, AE2116, AE2117, AE2120, AE2124, AE2126, AE2201, AE2204, AE2205, AE2208, AE2210, AE2212, AE2214, AE2217, AE2219, AE2222, AE2224, AE2226, BATS, bats_bottle, Bermuda Atlantic Time-series Study, Bermuda Atlantic Time-series Study (BATS) Bottle, Bermuda Institute of Ocean Sciences, bio, biogeo, biogeochemistry, biology, BIOS, Bottle, cruise, Discrete, Elemental Analyzer, EN592, EN629, EN631, in situ, insitu, in-situ, North Atlantic Ocean, observation, OC449-10, Particulate Organic Nitrogen, PON, rep, reprocessed, station",
19,POP,tblBATS_Bottle,Particulate Organic Phosphorus,umol/kg,Observation,Uncategorized,Reprocessed,Biogeochemistry,Irregular,Irregular,1988-10-20T22:30:00.000Z,2022-12-16T19:08:00.000Z,24.759,35.667,-66.169,-60.447,0.1,4987.3,0.003,0.007,0.01,3789.0,0.0075252045,0.0058747676,0.0,0.069,,Bermuda Atlantic Time-Series Study (BATS) Bottle,BATS_Bottle,Bermuda Institute of Ocean Sciences,Bermuda Institute of Ocean Sciences,"The BATS Bottle dataset is a collection of discrete bottle samples from 1988-2022, including in-situ measurements of CO2, nutrients, carbon, oxygen, temperature, and Prochlorococcus and Synechococcus abundance. Note all bottle fires are included that do not have any BATS core parameters so as to be of use for other ancillary measurements.

This description has been reproduced using https://www.dropbox.com/s/4sdk2tewx46cla8/bats_bottle.txt?dl=0",Bermuda Institute of Ocean Sciences,676,17051,1.0,"AE0811, AE0813, AE0816, AE0820, AE0823, AE0826, AE0829, AE0901, AE0902, AE0903, AE0904, AE0905, AE0907, AE0909, AE0911, AE0916, AE0919, AE0921, AE0924, AE0926, AE0928, AE1001, AE1003, AE1005, AE1006, AE1007, AE1009, AE1012, AE1016, AE1021, AE1024, AE1026, AE1031, AE1033, AE1036, AE1102, AE1105, AE1106, AE1108, AE1109, AE1111, AE1113, AE1116, AE1119, AE1121, AE1125, AE1128, AE1131, AE1201, AE1202, AE1205, AE1207, AE1209, AE1210, AE1212, AE1214, AE1218, AE1222, AE1223, AE1228, AE1231, AE1234, AE1301, AE1302, AE1303, AE1304, AE1305, AE1306, AE1307, AE1309, AE1310, AE1313, AE1315, AE1318, AE1320, AE1323, AE1326, AE1328, AE1402, AE1406, AE1408, AE1411, AE1413, AE1416, AE1418, AE1422, AE1424, AE1425, AE1502, AE1503, AE1505, AE1508, AE1510, AE1511, AE1512, AE1515, AE1517, AE1520, AE1523, AE1528, AE1529, AE1531, AE1602, AE1603, AE1604, AE1605, AE1608, AE1611, AE1615, AE1618, AE1621, AE1624, AE1627, AE1629, AE1701, AE1704, AE1705, AE1707, AE1708, AE1709, AE1713, AE1715, AE1718, AE1722, AE1726, AE1729, AE1802, AE1805, AE1806, AE1808, AE1810, AE1811, AE1814, AE1817, AE1820, AE1822, AE1825, AE1829, AE1831, AE1836, AE1902, AE1905, AE1906, AE1909, AE1912, AE1917, AE1921, AE1923, AE1927, AE1930, AE1932, AE2003, AE2005, AE2009, AE2010, AE2012, AE2014, AE2015, AE2017, AE2019, AE2021, AE2022, AE2101, AE2102, AE2103, AE2104, AE2105, AE2107, AE2109, AE2110, AE2112, AE2116, AE2117, AE2120, AE2124, AE2126, AE2201, AE2204, AE2205, AE2208, AE2210, AE2212, AE2214, AE2217, AE2219, AE2222, AE2224, AE2226, BATS, bats_bottle, Bermuda Atlantic Time-series Study, Bermuda Atlantic Time-series Study (BATS) Bottle, Bermuda Institute of Ocean Sciences, bio, biogeo, biogeochemistry, biology, BIOS, Bottle, cruise, Discrete, EN592, EN629, EN631, in situ, insitu, in-situ, North Atlantic Ocean, observation, OC449-10, Particulate Organic Phosphorus, POP, rep, reprocessed, station",
20,prochlorococcus,tblBATS_Bottle,Prochlorococcus,cells/ml,Observation,Flow Cytometer,Reprocessed,Biogeochemistry,Irregular,Irregular,1988-10-20T22:30:00.000Z,2022-12-16T19:08:00.000Z,24.759,35.667,-66.169,-60.447,0.1,4987.3,3148.0,19895.0,47994.0,3397.0,31165.9069767442,34547.1707122369,10.0,292753.0,,Bermuda Atlantic Time-Series Study (BATS) Bottle,BATS_Bottle,Bermuda Institute of Ocean Sciences,Bermuda Institute of Ocean Sciences,"The BATS Bottle dataset is a collection of discrete bottle samples from 1988-2022, including in-situ measurements of CO2, nutrients, carbon, oxygen, temperature, and Prochlorococcus and Synechococcus abundance. Note all bottle fires are included that do not have any BATS core parameters so as to be of use for other ancillary measurements.

This description has been reproduced using https://www.dropbox.com/s/4sdk2tewx46cla8/bats_bottle.txt?dl=0",Bermuda Institute of Ocean Sciences,676,17056,1.0,"AE0811, AE0813, AE0816, AE0820, AE0823, AE0826, AE0829, AE0901, AE0902, AE0903, AE0904, AE0905, AE0907, AE0909, AE0911, AE0916, AE0919, AE0921, AE0924, AE0926, AE0928, AE1001, AE1003, AE1005, AE1006, AE1007, AE1009, AE1012, AE1016, AE1021, AE1024, AE1026, AE1031, AE1033, AE1036, AE1102, AE1105, AE1106, AE1108, AE1109, AE1111, AE1113, AE1116, AE1119, AE1121, AE1125, AE1128, AE1131, AE1201, AE1202, AE1205, AE1207, AE1209, AE1210, AE1212, AE1214, AE1218, AE1222, AE1223, AE1228, AE1231, AE1234, AE1301, AE1302, AE1303, AE1304, AE1305, AE1306, AE1307, AE1309, AE1310, AE1313, AE1315, AE1318, AE1320, AE1323, AE1326, AE1328, AE1402, AE1406, AE1408, AE1411, AE1413, AE1416, AE1418, AE1422, AE1424, AE1425, AE1502, AE1503, AE1505, AE1508, AE1510, AE1511, AE1512, AE1515, AE1517, AE1520, AE1523, AE1528, AE1529, AE1531, AE1602, AE1603, AE1604, AE1605, AE1608, AE1611, AE1615, AE1618, AE1621, AE1624, AE1627, AE1629, AE1701, AE1704, AE1705, AE1707, AE1708, AE1709, AE1713, AE1715, AE1718, AE1722, AE1726, AE1729, AE1802, AE1805, AE1806, AE1808, AE1810, AE1811, AE1814, AE1817, AE1820, AE1822, AE1825, AE1829, AE1831, AE1836, AE1902, AE1905, AE1906, AE1909, AE1912, AE1917, AE1921, AE1923, AE1927, AE1930, AE1932, AE2003, AE2005, AE2009, AE2010, AE2012, AE2014, AE2015, AE2017, AE2019, AE2021, AE2022, AE2101, AE2102, AE2103, AE2104, AE2105, AE2107, AE2109, AE2110, AE2112, AE2116, AE2117, AE2120, AE2124, AE2126, AE2201, AE2204, AE2205, AE2208, AE2210, AE2212, AE2214, AE2217, AE2219, AE2222, AE2224, AE2226, BATS, bats_bottle, Bermuda Atlantic Time-series Study, Bermuda Atlantic Time-series Study (BATS) Bottle, Bermuda Institute of Ocean Sciences, bio, biogeo, biogeochemistry, biology, BIOS, Bottle, cruise, Discrete, EN592, EN629, EN631, Flow Cytometer, in situ, insitu, in-situ, North Atlantic Ocean, observation, OC449-10, Prochlorococcus, rep, reprocessed, station",
21,salinity,tblBATS_Bottle,Salinity-1,PSS-78,Observation,Salinometer,Reprocessed,Biogeochemistry,Irregular,Irregular,1988-10-20T22:30:00.000Z,2022-12-16T19:08:00.000Z,24.759,35.667,-66.169,-60.447,0.1,4987.3,34.996,36.2915,36.624,16442.0,35.8782277095,0.7865807664,34.876,37.094,,Bermuda Atlantic Time-Series Study (BATS) Bottle,BATS_Bottle,Bermuda Institute of Ocean Sciences,Bermuda Institute of Ocean Sciences,"The BATS Bottle dataset is a collection of discrete bottle samples from 1988-2022, including in-situ measurements of CO2, nutrients, carbon, oxygen, temperature, and Prochlorococcus and Synechococcus abundance. Note all bottle fires are included that do not have any BATS core parameters so as to be of use for other ancillary measurements.

This description has been reproduced using https://www.dropbox.com/s/4sdk2tewx46cla8/bats_bottle.txt?dl=0",Bermuda Institute of Ocean Sciences,676,17035,1.0,"AE0811, AE0813, AE0816, AE0820, AE0823, AE0826, AE0829, AE0901, AE0902, AE0903, AE0904, AE0905, AE0907, AE0909, AE0911, AE0916, AE0919, AE0921, AE0924, AE0926, AE0928, AE1001, AE1003, AE1005, AE1006, AE1007, AE1009, AE1012, AE1016, AE1021, AE1024, AE1026, AE1031, AE1033, AE1036, AE1102, AE1105, AE1106, AE1108, AE1109, AE1111, AE1113, AE1116, AE1119, AE1121, AE1125, AE1128, AE1131, AE1201, AE1202, AE1205, AE1207, AE1209, AE1210, AE1212, AE1214, AE1218, AE1222, AE1223, AE1228, AE1231, AE1234, AE1301, AE1302, AE1303, AE1304, AE1305, AE1306, AE1307, AE1309, AE1310, AE1313, AE1315, AE1318, AE1320, AE1323, AE1326, AE1328, AE1402, AE1406, AE1408, AE1411, AE1413, AE1416, AE1418, AE1422, AE1424, AE1425, AE1502, AE1503, AE1505, AE1508, AE1510, AE1511, AE1512, AE1515, AE1517, AE1520, AE1523, AE1528, AE1529, AE1531, AE1602, AE1603, AE1604, AE1605, AE1608, AE1611, AE1615, AE1618, AE1621, AE1624, AE1627, AE1629, AE1701, AE1704, AE1705, AE1707, AE1708, AE1709, AE1713, AE1715, AE1718, AE1722, AE1726, AE1729, AE1802, AE1805, AE1806, AE1808, AE1810, AE1811, AE1814, AE1817, AE1820, AE1822, AE1825, AE1829, AE1831, AE1836, AE1902, AE1905, AE1906, AE1909, AE1912, AE1917, AE1921, AE1923, AE1927, AE1930, AE1932, AE2003, AE2005, AE2009, AE2010, AE2012, AE2014, AE2015, AE2017, AE2019, AE2021, AE2022, AE2101, AE2102, AE2103, AE2104, AE2105, AE2107, AE2109, AE2110, AE2112, AE2116, AE2117, AE2120, AE2124, AE2126, AE2201, AE2204, AE2205, AE2208, AE2210, AE2212, AE2214, AE2217, AE2219, AE2222, AE2224, AE2226, BATS, bats_bottle, Bermuda Atlantic Time-series Study, Bermuda Atlantic Time-series Study (BATS) Bottle, Bermuda Institute of Ocean Sciences, bio, biogeo, biogeochemistry, biology, BIOS, Bottle, cruise, Discrete, EN592, EN629, EN631, in situ, insitu, in-situ, North Atlantic Ocean, observation, OC449-10, rep, reprocessed, salinity, Salinity-1, Salinometer, station",
22,sigma_theta,tblBATS_Bottle,Sigma-Theta,kg/m^3,Observation,Uncategorized,Reprocessed,Biogeochemistry,Irregular,Irregular,1988-10-20T22:30:00.000Z,2022-12-16T19:08:00.000Z,24.759,35.667,-66.169,-60.447,0.1,4987.3,25.593,26.141,26.465,67085.0,26.0331667288,1.1055934171,22.882,27.915,,Bermuda Atlantic Time-Series Study (BATS) Bottle,BATS_Bottle,Bermuda Institute of Ocean Sciences,Bermuda Institute of Ocean Sciences,"The BATS Bottle dataset is a collection of discrete bottle samples from 1988-2022, including in-situ measurements of CO2, nutrients, carbon, oxygen, temperature, and Prochlorococcus and Synechococcus abundance. Note all bottle fires are included that do not have any BATS core parameters so as to be of use for other ancillary measurements.

This description has been reproduced using https://www.dropbox.com/s/4sdk2tewx46cla8/bats_bottle.txt?dl=0",Bermuda Institute of Ocean Sciences,676,17036,1.0,"AE0811, AE0813, AE0816, AE0820, AE0823, AE0826, AE0829, AE0901, AE0902, AE0903, AE0904, AE0905, AE0907, AE0909, AE0911, AE0916, AE0919, AE0921, AE0924, AE0926, AE0928, AE1001, AE1003, AE1005, AE1006, AE1007, AE1009, AE1012, AE1016, AE1021, AE1024, AE1026, AE1031, AE1033, AE1036, AE1102, AE1105, AE1106, AE1108, AE1109, AE1111, AE1113, AE1116, AE1119, AE1121, AE1125, AE1128, AE1131, AE1201, AE1202, AE1205, AE1207, AE1209, AE1210, AE1212, AE1214, AE1218, AE1222, AE1223, AE1228, AE1231, AE1234, AE1301, AE1302, AE1303, AE1304, AE1305, AE1306, AE1307, AE1309, AE1310, AE1313, AE1315, AE1318, AE1320, AE1323, AE1326, AE1328, AE1402, AE1406, AE1408, AE1411, AE1413, AE1416, AE1418, AE1422, AE1424, AE1425, AE1502, AE1503, AE1505, AE1508, AE1510, AE1511, AE1512, AE1515, AE1517, AE1520, AE1523, AE1528, AE1529, AE1531, AE1602, AE1603, AE1604, AE1605, AE1608, AE1611, AE1615, AE1618, AE1621, AE1624, AE1627, AE1629, AE1701, AE1704, AE1705, AE1707, AE1708, AE1709, AE1713, AE1715, AE1718, AE1722, AE1726, AE1729, AE1802, AE1805, AE1806, AE1808, AE1810, AE1811, AE1814, AE1817, AE1820, AE1822, AE1825, AE1829, AE1831, AE1836, AE1902, AE1905, AE1906, AE1909, AE1912, AE1917, AE1921, AE1923, AE1927, AE1930, AE1932, AE2003, AE2005, AE2009, AE2010, AE2012, AE2014, AE2015, AE2017, AE2019, AE2021, AE2022, AE2101, AE2102, AE2103, AE2104, AE2105, AE2107, AE2109, AE2110, AE2112, AE2116, AE2117, AE2120, AE2124, AE2126, AE2201, AE2204, AE2205, AE2208, AE2210, AE2212, AE2214, AE2217, AE2219, AE2222, AE2224, AE2226, BATS, bats_bottle, Bermuda Atlantic Time-series Study, Bermuda Atlantic Time-series Study (BATS) Bottle, Bermuda Institute of Ocean Sciences, bio, biogeo, biogeochemistry, biology, BIOS, Bottle, cruise, Discrete, EN592, EN629, EN631, in situ, insitu, in-situ, North Atlantic Ocean, observation, OC449-10, rep, reprocessed, sigma_theta, Sigma-Theta, station",
23,silicate,tblBATS_Bottle,Silicate-1,umol/kg,Observation,Autoanalyzer,Reprocessed,Biogeochemistry,Irregular,Irregular,1988-10-20T22:30:00.000Z,2022-12-16T19:08:00.000Z,24.759,35.667,-66.169,-60.447,0.1,4987.3,0.87,2.5,14.42,16271.0,9.0847317313,10.1164692631,0.0,50.52,,Bermuda Atlantic Time-Series Study (BATS) Bottle,BATS_Bottle,Bermuda Institute of Ocean Sciences,Bermuda Institute of Ocean Sciences,"The BATS Bottle dataset is a collection of discrete bottle samples from 1988-2022, including in-situ measurements of CO2, nutrients, carbon, oxygen, temperature, and Prochlorococcus and Synechococcus abundance. Note all bottle fires are included that do not have any BATS core parameters so as to be of use for other ancillary measurements.

This description has been reproduced using https://www.dropbox.com/s/4sdk2tewx46cla8/bats_bottle.txt?dl=0",Bermuda Institute of Ocean Sciences,676,17045,1.0,"AE0811, AE0813, AE0816, AE0820, AE0823, AE0826, AE0829, AE0901, AE0902, AE0903, AE0904, AE0905, AE0907, AE0909, AE0911, AE0916, AE0919, AE0921, AE0924, AE0926, AE0928, AE1001, AE1003, AE1005, AE1006, AE1007, AE1009, AE1012, AE1016, AE1021, AE1024, AE1026, AE1031, AE1033, AE1036, AE1102, AE1105, AE1106, AE1108, AE1109, AE1111, AE1113, AE1116, AE1119, AE1121, AE1125, AE1128, AE1131, AE1201, AE1202, AE1205, AE1207, AE1209, AE1210, AE1212, AE1214, AE1218, AE1222, AE1223, AE1228, AE1231, AE1234, AE1301, AE1302, AE1303, AE1304, AE1305, AE1306, AE1307, AE1309, AE1310, AE1313, AE1315, AE1318, AE1320, AE1323, AE1326, AE1328, AE1402, AE1406, AE1408, AE1411, AE1413, AE1416, AE1418, AE1422, AE1424, AE1425, AE1502, AE1503, AE1505, AE1508, AE1510, AE1511, AE1512, AE1515, AE1517, AE1520, AE1523, AE1528, AE1529, AE1531, AE1602, AE1603, AE1604, AE1605, AE1608, AE1611, AE1615, AE1618, AE1621, AE1624, AE1627, AE1629, AE1701, AE1704, AE1705, AE1707, AE1708, AE1709, AE1713, AE1715, AE1718, AE1722, AE1726, AE1729, AE1802, AE1805, AE1806, AE1808, AE1810, AE1811, AE1814, AE1817, AE1820, AE1822, AE1825, AE1829, AE1831, AE1836, AE1902, AE1905, AE1906, AE1909, AE1912, AE1917, AE1921, AE1923, AE1927, AE1930, AE1932, AE2003, AE2005, AE2009, AE2010, AE2012, AE2014, AE2015, AE2017, AE2019, AE2021, AE2022, AE2101, AE2102, AE2103, AE2104, AE2105, AE2107, AE2109, AE2110, AE2112, AE2116, AE2117, AE2120, AE2124, AE2126, AE2201, AE2204, AE2205, AE2208, AE2210, AE2212, AE2214, AE2217, AE2219, AE2222, AE2224, AE2226, Autoanalyzer, BATS, bats_bottle, Bermuda Atlantic Time-series Study, Bermuda Atlantic Time-series Study (BATS) Bottle, Bermuda Institute of Ocean Sciences, bio, biogeo, biogeochemistry, biology, BIOS, Bottle, cruise, Discrete, EN592, EN629, EN631, in situ, insitu, in-situ, North Atlantic Ocean, observation, OC449-10, rep, reprocessed, silicate, Silicate-1, SiO4, station",
24,synechococcus,tblBATS_Bottle,Synechococcus,cells/ml,Observation,Flow Cytometer,Reprocessed,Biogeochemistry,Irregular,Irregular,1988-10-20T22:30:00.000Z,2022-12-16T19:08:00.000Z,24.759,35.667,-66.169,-60.447,0.1,4987.3,448.0,6067.0,12315.0,3309.0,8556.5539437897,10979.5450859461,10.0,160285.0,,Bermuda Atlantic Time-Series Study (BATS) Bottle,BATS_Bottle,Bermuda Institute of Ocean Sciences,Bermuda Institute of Ocean Sciences,"The BATS Bottle dataset is a collection of discrete bottle samples from 1988-2022, including in-situ measurements of CO2, nutrients, carbon, oxygen, temperature, and Prochlorococcus and Synechococcus abundance. Note all bottle fires are included that do not have any BATS core parameters so as to be of use for other ancillary measurements.

This description has been reproduced using https://www.dropbox.com/s/4sdk2tewx46cla8/bats_bottle.txt?dl=0",Bermuda Institute of Ocean Sciences,676,17057,1.0,"AE0811, AE0813, AE0816, AE0820, AE0823, AE0826, AE0829, AE0901, AE0902, AE0903, AE0904, AE0905, AE0907, AE0909, AE0911, AE0916, AE0919, AE0921, AE0924, AE0926, AE0928, AE1001, AE1003, AE1005, AE1006, AE1007, AE1009, AE1012, AE1016, AE1021, AE1024, AE1026, AE1031, AE1033, AE1036, AE1102, AE1105, AE1106, AE1108, AE1109, AE1111, AE1113, AE1116, AE1119, AE1121, AE1125, AE1128, AE1131, AE1201, AE1202, AE1205, AE1207, AE1209, AE1210, AE1212, AE1214, AE1218, AE1222, AE1223, AE1228, AE1231, AE1234, AE1301, AE1302, AE1303, AE1304, AE1305, AE1306, AE1307, AE1309, AE1310, AE1313, AE1315, AE1318, AE1320, AE1323, AE1326, AE1328, AE1402, AE1406, AE1408, AE1411, AE1413, AE1416, AE1418, AE1422, AE1424, AE1425, AE1502, AE1503, AE1505, AE1508, AE1510, AE1511, AE1512, AE1515, AE1517, AE1520, AE1523, AE1528, AE1529, AE1531, AE1602, AE1603, AE1604, AE1605, AE1608, AE1611, AE1615, AE1618, AE1621, AE1624, AE1627, AE1629, AE1701, AE1704, AE1705, AE1707, AE1708, AE1709, AE1713, AE1715, AE1718, AE1722, AE1726, AE1729, AE1802, AE1805, AE1806, AE1808, AE1810, AE1811, AE1814, AE1817, AE1820, AE1822, AE1825, AE1829, AE1831, AE1836, AE1902, AE1905, AE1906, AE1909, AE1912, AE1917, AE1921, AE1923, AE1927, AE1930, AE1932, AE2003, AE2005, AE2009, AE2010, AE2012, AE2014, AE2015, AE2017, AE2019, AE2021, AE2022, AE2101, AE2102, AE2103, AE2104, AE2105, AE2107, AE2109, AE2110, AE2112, AE2116, AE2117, AE2120, AE2124, AE2126, AE2201, AE2204, AE2205, AE2208, AE2210, AE2212, AE2214, AE2217, AE2219, AE2222, AE2224, AE2226, BATS, bats_bottle, Bermuda Atlantic Time-series Study, Bermuda Atlantic Time-series Study (BATS) Bottle, Bermuda Institute of Ocean Sciences, bio, biogeo, biogeochemistry, biology, BIOS, Bottle, cruise, Discrete, EN592, EN629, EN631, Flow Cytometer, in situ, insitu, in-situ, North Atlantic Ocean, observation, OC449-10, rep, reprocessed, station, Synechococcus",
25,temp,tblBATS_Bottle,Temperature,C,Observation,CTD,Reprocessed,Biogeochemistry,Irregular,Irregular,1988-10-20T22:30:00.000Z,2022-12-16T19:08:00.000Z,24.759,35.667,-66.169,-60.447,0.1,4987.3,17.979,19.579,21.662,67800.0,18.2059096165,6.7442767117,2.176,32.986,,Bermuda Atlantic Time-Series Study (BATS) Bottle,BATS_Bottle,Bermuda Institute of Ocean Sciences,Bermuda Institute of Ocean Sciences,"The BATS Bottle dataset is a collection of discrete bottle samples from 1988-2022, including in-situ measurements of CO2, nutrients, carbon, oxygen, temperature, and Prochlorococcus and Synechococcus abundance. Note all bottle fires are included that do not have any BATS core parameters so as to be of use for other ancillary measurements.

This description has been reproduced using https://www.dropbox.com/s/4sdk2tewx46cla8/bats_bottle.txt?dl=0",Bermuda Institute of Ocean Sciences,676,17033,1.0,"AE0811, AE0813, AE0816, AE0820, AE0823, AE0826, AE0829, AE0901, AE0902, AE0903, AE0904, AE0905, AE0907, AE0909, AE0911, AE0916, AE0919, AE0921, AE0924, AE0926, AE0928, AE1001, AE1003, AE1005, AE1006, AE1007, AE1009, AE1012, AE1016, AE1021, AE1024, AE1026, AE1031, AE1033, AE1036, AE1102, AE1105, AE1106, AE1108, AE1109, AE1111, AE1113, AE1116, AE1119, AE1121, AE1125, AE1128, AE1131, AE1201, AE1202, AE1205, AE1207, AE1209, AE1210, AE1212, AE1214, AE1218, AE1222, AE1223, AE1228, AE1231, AE1234, AE1301, AE1302, AE1303, AE1304, AE1305, AE1306, AE1307, AE1309, AE1310, AE1313, AE1315, AE1318, AE1320, AE1323, AE1326, AE1328, AE1402, AE1406, AE1408, AE1411, AE1413, AE1416, AE1418, AE1422, AE1424, AE1425, AE1502, AE1503, AE1505, AE1508, AE1510, AE1511, AE1512, AE1515, AE1517, AE1520, AE1523, AE1528, AE1529, AE1531, AE1602, AE1603, AE1604, AE1605, AE1608, AE1611, AE1615, AE1618, AE1621, AE1624, AE1627, AE1629, AE1701, AE1704, AE1705, AE1707, AE1708, AE1709, AE1713, AE1715, AE1718, AE1722, AE1726, AE1729, AE1802, AE1805, AE1806, AE1808, AE1810, AE1811, AE1814, AE1817, AE1820, AE1822, AE1825, AE1829, AE1831, AE1836, AE1902, AE1905, AE1906, AE1909, AE1912, AE1917, AE1921, AE1923, AE1927, AE1930, AE1932, AE2003, AE2005, AE2009, AE2010, AE2012, AE2014, AE2015, AE2017, AE2019, AE2021, AE2022, AE2101, AE2102, AE2103, AE2104, AE2105, AE2107, AE2109, AE2110, AE2112, AE2116, AE2117, AE2120, AE2124, AE2126, AE2201, AE2204, AE2205, AE2208, AE2210, AE2212, AE2214, AE2217, AE2219, AE2222, AE2224, AE2226, BATS, bats_bottle, Bermuda Atlantic Time-series Study, Bermuda Atlantic Time-series Study (BATS) Bottle, Bermuda Institute of Ocean Sciences, bio, biogeo, biogeochemistry, biology, BIOS, Bottle, cruise, CTD, Discrete, EN592, EN629, EN631, in situ, insitu, in-situ, North Atlantic Ocean, observation, OC449-10, rep, reprocessed, station, temp, Temperature",
26,TN,tblBATS_Bottle,Total Nitrogen,umol/kg,Observation,Uncategorized,Reprocessed,Biogeochemistry,Irregular,Irregular,1988-10-20T22:30:00.000Z,2022-12-16T19:08:00.000Z,24.759,35.667,-66.169,-60.447,0.1,4987.3,4.5,6.8,20.4,7512.0,11.6299920128,7.9777754534,1.5,28.0,,Bermuda Atlantic Time-Series Study (BATS) Bottle,BATS_Bottle,Bermuda Institute of Ocean Sciences,Bermuda Institute of Ocean Sciences,"The BATS Bottle dataset is a collection of discrete bottle samples from 1988-2022, including in-situ measurements of CO2, nutrients, carbon, oxygen, temperature, and Prochlorococcus and Synechococcus abundance. Note all bottle fires are included that do not have any BATS core parameters so as to be of use for other ancillary measurements.

This description has been reproduced using https://www.dropbox.com/s/4sdk2tewx46cla8/bats_bottle.txt?dl=0",Bermuda Institute of Ocean Sciences,676,17049,1.0,"AE0811, AE0813, AE0816, AE0820, AE0823, AE0826, AE0829, AE0901, AE0902, AE0903, AE0904, AE0905, AE0907, AE0909, AE0911, AE0916, AE0919, AE0921, AE0924, AE0926, AE0928, AE1001, AE1003, AE1005, AE1006, AE1007, AE1009, AE1012, AE1016, AE1021, AE1024, AE1026, AE1031, AE1033, AE1036, AE1102, AE1105, AE1106, AE1108, AE1109, AE1111, AE1113, AE1116, AE1119, AE1121, AE1125, AE1128, AE1131, AE1201, AE1202, AE1205, AE1207, AE1209, AE1210, AE1212, AE1214, AE1218, AE1222, AE1223, AE1228, AE1231, AE1234, AE1301, AE1302, AE1303, AE1304, AE1305, AE1306, AE1307, AE1309, AE1310, AE1313, AE1315, AE1318, AE1320, AE1323, AE1326, AE1328, AE1402, AE1406, AE1408, AE1411, AE1413, AE1416, AE1418, AE1422, AE1424, AE1425, AE1502, AE1503, AE1505, AE1508, AE1510, AE1511, AE1512, AE1515, AE1517, AE1520, AE1523, AE1528, AE1529, AE1531, AE1602, AE1603, AE1604, AE1605, AE1608, AE1611, AE1615, AE1618, AE1621, AE1624, AE1627, AE1629, AE1701, AE1704, AE1705, AE1707, AE1708, AE1709, AE1713, AE1715, AE1718, AE1722, AE1726, AE1729, AE1802, AE1805, AE1806, AE1808, AE1810, AE1811, AE1814, AE1817, AE1820, AE1822, AE1825, AE1829, AE1831, AE1836, AE1902, AE1905, AE1906, AE1909, AE1912, AE1917, AE1921, AE1923, AE1927, AE1930, AE1932, AE2003, AE2005, AE2009, AE2010, AE2012, AE2014, AE2015, AE2017, AE2019, AE2021, AE2022, AE2101, AE2102, AE2103, AE2104, AE2105, AE2107, AE2109, AE2110, AE2112, AE2116, AE2117, AE2120, AE2124, AE2126, AE2201, AE2204, AE2205, AE2208, AE2210, AE2212, AE2214, AE2217, AE2219, AE2222, AE2224, AE2226, BATS, bats_bottle, Bermuda Atlantic Time-series Study, Bermuda Atlantic Time-series Study (BATS) Bottle, Bermuda Institute of Ocean Sciences, bio, biogeo, biogeochemistry, biology, BIOS, Bottle, cruise, Discrete, EN592, EN629, EN631, in situ, insitu, in-situ, North Atlantic Ocean, observation, OC449-10, rep, reprocessed, station, TN, Total Nitrogen",
27,TOC,tblBATS_Bottle,Total Organic Carbon,umol/kg,Observation,Uncategorized,Reprocessed,Biogeochemistry,Irregular,Irregular,1988-10-20T22:30:00.000Z,2022-12-16T19:08:00.000Z,24.759,35.667,-66.169,-60.447,0.1,4987.3,43.8,51.2,61.0,8919.0,52.7469895728,8.8810016722,38.0,86.2,,Bermuda Atlantic Time-Series Study (BATS) Bottle,BATS_Bottle,Bermuda Institute of Ocean Sciences,Bermuda Institute of Ocean Sciences,"The BATS Bottle dataset is a collection of discrete bottle samples from 1988-2022, including in-situ measurements of CO2, nutrients, carbon, oxygen, temperature, and Prochlorococcus and Synechococcus abundance. Note all bottle fires are included that do not have any BATS core parameters so as to be of use for other ancillary measurements.

This description has been reproduced using https://www.dropbox.com/s/4sdk2tewx46cla8/bats_bottle.txt?dl=0",Bermuda Institute of Ocean Sciences,676,17048,1.0,"AE0811, AE0813, AE0816, AE0820, AE0823, AE0826, AE0829, AE0901, AE0902, AE0903, AE0904, AE0905, AE0907, AE0909, AE0911, AE0916, AE0919, AE0921, AE0924, AE0926, AE0928, AE1001, AE1003, AE1005, AE1006, AE1007, AE1009, AE1012, AE1016, AE1021, AE1024, AE1026, AE1031, AE1033, AE1036, AE1102, AE1105, AE1106, AE1108, AE1109, AE1111, AE1113, AE1116, AE1119, AE1121, AE1125, AE1128, AE1131, AE1201, AE1202, AE1205, AE1207, AE1209, AE1210, AE1212, AE1214, AE1218, AE1222, AE1223, AE1228, AE1231, AE1234, AE1301, AE1302, AE1303, AE1304, AE1305, AE1306, AE1307, AE1309, AE1310, AE1313, AE1315, AE1318, AE1320, AE1323, AE1326, AE1328, AE1402, AE1406, AE1408, AE1411, AE1413, AE1416, AE1418, AE1422, AE1424, AE1425, AE1502, AE1503, AE1505, AE1508, AE1510, AE1511, AE1512, AE1515, AE1517, AE1520, AE1523, AE1528, AE1529, AE1531, AE1602, AE1603, AE1604, AE1605, AE1608, AE1611, AE1615, AE1618, AE1621, AE1624, AE1627, AE1629, AE1701, AE1704, AE1705, AE1707, AE1708, AE1709, AE1713, AE1715, AE1718, AE1722, AE1726, AE1729, AE1802, AE1805, AE1806, AE1808, AE1810, AE1811, AE1814, AE1817, AE1820, AE1822, AE1825, AE1829, AE1831, AE1836, AE1902, AE1905, AE1906, AE1909, AE1912, AE1917, AE1921, AE1923, AE1927, AE1930, AE1932, AE2003, AE2005, AE2009, AE2010, AE2012, AE2014, AE2015, AE2017, AE2019, AE2021, AE2022, AE2101, AE2102, AE2103, AE2104, AE2105, AE2107, AE2109, AE2110, AE2112, AE2116, AE2117, AE2120, AE2124, AE2126, AE2201, AE2204, AE2205, AE2208, AE2210, AE2212, AE2214, AE2217, AE2219, AE2222, AE2224, AE2226, BATS, bats_bottle, Bermuda Atlantic Time-series Study, Bermuda Atlantic Time-series Study (BATS) Bottle, Bermuda Institute of Ocean Sciences, bio, biogeo, biogeochemistry, biology, BIOS, Bottle, cruise, Discrete, EN592, EN629, EN631, in situ, insitu, in-situ, North Atlantic Ocean, observation, OC449-10, rep, reprocessed, station, TOC, TOC Analyzer, Total Organic Carbon",
28,total_dissolved_phosphorus,tblBATS_Bottle,Total Dissolved Phosphorus,nmol/kg,Observation,Uncategorized,Reprocessed,Biogeochemistry,Irregular,Irregular,1988-10-20T22:30:00.000Z,2022-12-16T19:08:00.000Z,24.759,35.667,-66.169,-60.447,0.1,4987.3,64.0,97.0,162.0,3180.0,132.6264150943,109.4371544647,11.0,1081.0,,Bermuda Atlantic Time-Series Study (BATS) Bottle,BATS_Bottle,Bermuda Institute of Ocean Sciences,Bermuda Institute of Ocean Sciences,"The BATS Bottle dataset is a collection of discrete bottle samples from 1988-2022, including in-situ measurements of CO2, nutrients, carbon, oxygen, temperature, and Prochlorococcus and Synechococcus abundance. Note all bottle fires are included that do not have any BATS core parameters so as to be of use for other ancillary measurements.

This description has been reproduced using https://www.dropbox.com/s/4sdk2tewx46cla8/bats_bottle.txt?dl=0",Bermuda Institute of Ocean Sciences,676,17052,1.0,"AE0811, AE0813, AE0816, AE0820, AE0823, AE0826, AE0829, AE0901, AE0902, AE0903, AE0904, AE0905, AE0907, AE0909, AE0911, AE0916, AE0919, AE0921, AE0924, AE0926, AE0928, AE1001, AE1003, AE1005, AE1006, AE1007, AE1009, AE1012, AE1016, AE1021, AE1024, AE1026, AE1031, AE1033, AE1036, AE1102, AE1105, AE1106, AE1108, AE1109, AE1111, AE1113, AE1116, AE1119, AE1121, AE1125, AE1128, AE1131, AE1201, AE1202, AE1205, AE1207, AE1209, AE1210, AE1212, AE1214, AE1218, AE1222, AE1223, AE1228, AE1231, AE1234, AE1301, AE1302, AE1303, AE1304, AE1305, AE1306, AE1307, AE1309, AE1310, AE1313, AE1315, AE1318, AE1320, AE1323, AE1326, AE1328, AE1402, AE1406, AE1408, AE1411, AE1413, AE1416, AE1418, AE1422, AE1424, AE1425, AE1502, AE1503, AE1505, AE1508, AE1510, AE1511, AE1512, AE1515, AE1517, AE1520, AE1523, AE1528, AE1529, AE1531, AE1602, AE1603, AE1604, AE1605, AE1608, AE1611, AE1615, AE1618, AE1621, AE1624, AE1627, AE1629, AE1701, AE1704, AE1705, AE1707, AE1708, AE1709, AE1713, AE1715, AE1718, AE1722, AE1726, AE1729, AE1802, AE1805, AE1806, AE1808, AE1810, AE1811, AE1814, AE1817, AE1820, AE1822, AE1825, AE1829, AE1831, AE1836, AE1902, AE1905, AE1906, AE1909, AE1912, AE1917, AE1921, AE1923, AE1927, AE1930, AE1932, AE2003, AE2005, AE2009, AE2010, AE2012, AE2014, AE2015, AE2017, AE2019, AE2021, AE2022, AE2101, AE2102, AE2103, AE2104, AE2105, AE2107, AE2109, AE2110, AE2112, AE2116, AE2117, AE2120, AE2124, AE2126, AE2201, AE2204, AE2205, AE2208, AE2210, AE2212, AE2214, AE2217, AE2219, AE2222, AE2224, AE2226, BATS, bats_bottle, Bermuda Atlantic Time-series Study, Bermuda Atlantic Time-series Study (BATS) Bottle, Bermuda Institute of Ocean Sciences, bio, biogeo, biogeochemistry, biology, BIOS, Bottle, cruise, Discrete, EN592, EN629, EN631, in situ, insitu, in-situ, North Atlantic Ocean, observation, OC449-10, rep, reprocessed, station, Total Dissolved Phosphorus, total_dissolved_phosphorus",
29,UNOLS,tblBATS_Bottle,UNOLS Cruise Name,,Observation,Uncategorized,Reprocessed,Biogeochemistry,Irregular,Irregular,1988-10-20T22:30:00.000Z,2022-12-16T19:08:00.000Z,24.759,35.667,-66.169,-60.447,0.1,4987.3,,,,,,,,,Assigned based on first 5 characters of cruise_ID,Bermuda Atlantic Time-Series Study (BATS) Bottle,BATS_Bottle,Bermuda Institute of Ocean Sciences,Bermuda Institute of Ocean Sciences,"The BATS Bottle dataset is a collection of discrete bottle samples from 1988-2022, including in-situ measurements of CO2, nutrients, carbon, oxygen, temperature, and Prochlorococcus and Synechococcus abundance. Note all bottle fires are included that do not have any BATS core parameters so as to be of use for other ancillary measurements.

This description has been reproduced using https://www.dropbox.com/s/4sdk2tewx46cla8/bats_bottle.txt?dl=0",Bermuda Institute of Ocean Sciences,676,17062,,"AE0811, AE0813, AE0816, AE0820, AE0823, AE0826, AE0829, AE0901, AE0902, AE0903, AE0904, AE0905, AE0907, AE0909, AE0911, AE0916, AE0919, AE0921, AE0924, AE0926, AE0928, AE1001, AE1003, AE1005, AE1006, AE1007, AE1009, AE1012, AE1016, AE1021, AE1024, AE1026, AE1031, AE1033, AE1036, AE1102, AE1105, AE1106, AE1108, AE1109, AE1111, AE1113, AE1116, AE1119, AE1121, AE1125, AE1128, AE1131, AE1201, AE1202, AE1205, AE1207, AE1209, AE1210, AE1212, AE1214, AE1218, AE1222, AE1223, AE1228, AE1231, AE1234, AE1301, AE1302, AE1303, AE1304, AE1305, AE1306, AE1307, AE1309, AE1310, AE1313, AE1315, AE1318, AE1320, AE1323, AE1326, AE1328, AE1402, AE1406, AE1408, AE1411, AE1413, AE1416, AE1418, AE1422, AE1424, AE1425, AE1502, AE1503, AE1505, AE1508, AE1510, AE1511, AE1512, AE1515, AE1517, AE1520, AE1523, AE1528, AE1529, AE1531, AE1602, AE1603, AE1604, AE1605, AE1608, AE1611, AE1615, AE1618, AE1621, AE1624, AE1627, AE1629, AE1701, AE1704, AE1705, AE1707, AE1708, AE1709, AE1713, AE1715, AE1718, AE1722, AE1726, AE1729, AE1802, AE1805, AE1806, AE1808, AE1810, AE1811, AE1814, AE1817, AE1820, AE1822, AE1825, AE1829, AE1831, AE1836, AE1902, AE1905, AE1906, AE1909, AE1912, AE1917, AE1921, AE1923, AE1927, AE1930, AE1932, AE2003, AE2005, AE2009, AE2010, AE2012, AE2014, AE2015, AE2017, AE2019, AE2021, AE2022, AE2101, AE2102, AE2103, AE2104, AE2105, AE2107, AE2109, AE2110, AE2112, AE2116, AE2117, AE2120, AE2124, AE2126, AE2201, AE2204, AE2205, AE2208, AE2210, AE2212, AE2214, AE2217, AE2219, AE2222, AE2224, AE2226, BATS, bats_bottle, Bermuda Atlantic Time-series Study, Bermuda Atlantic Time-series Study (BATS) Bottle, Bermuda Institute of Ocean Sciences, bio, biogeo, biogeochemistry, biology, BIOS, Bottle, cruise, Discrete, EN592, EN629, EN631, in situ, insitu, in-situ, North Atlantic Ocean, observation, OC449-10, rep, reprocessed, station, uncategorized, UNOLS, UNOLS Cruise Name",
